period,region,cor,moa,arv_count
2013-01,Total,Total,Air,984350
2013-01,Total,Total,Sea,129074
2013-01,Total,Total,Land,178294
2013-02,Total,Total,Air,916372
2013-02,Total,Total,Sea,125634
2013-02,Total,Total,Land,179359
2013-03,Total,Total,Air,1026312
2013-03,Total,Total,Sea,143194
2013-03,Total,Total,Land,199385
2013-04,Total,Total,Air,966170
2013-04,Total,Total,Sea,112017
2013-04,Total,Total,Land,196059
2013-05,Total,Total,Air,961929
2013-05,Total,Total,Sea,130730
2013-05,Total,Total,Land,195623
2013-06,Total,Total,Air,971077
2013-06,Total,Total,Sea,130389
2013-06,Total,Total,Land,187484
2013-07,Total,Total,Air,1090316
2013-07,Total,Total,Sea,115064
2013-07,Total,Total,Land,214277
2013-08,Total,Total,Air,1107859
2013-08,Total,Total,Sea,139097
2013-08,Total,Total,Land,236564
2013-09,Total,Total,Air,930799
2013-09,Total,Total,Sea,94451
2013-09,Total,Total,Land,150892
2013-10,Total,Total,Air,948154
2013-10,Total,Total,Sea,114153
2013-10,Total,Total,Land,141439
2013-11,Total,Total,Air,919663
2013-11,Total,Total,Sea,127220
2013-11,Total,Total,Land,137119
2013-12,Total,Total,Air,1029206
2013-12,Total,Total,Sea,156538
2013-12,Total,Total,Land,181660
2014-01,Total,Total,Air,1040114
2014-01,Total,Total,Sea,140952
2014-01,Total,Total,Land,164776
2014-02,Total,Total,Air,932577
2014-02,Total,Total,Sea,141466
2014-02,Total,Total,Land,164196
2014-03,Total,Total,Air,992460
2014-03,Total,Total,Sea,141206
2014-03,Total,Total,Land,163885
2014-04,Total,Total,Air,967415
2014-04,Total,Total,Sea,114834
2014-04,Total,Total,Land,163058
2014-05,Total,Total,Air,940711
2014-05,Total,Total,Sea,117992
2014-05,Total,Total,Land,149829
2014-06,Total,Total,Air,920940
2014-06,Total,Total,Sea,112518
2014-06,Total,Total,Land,147964
2014-07,Total,Total,Air,1086340
2014-07,Total,Total,Sea,134603
2014-07,Total,Total,Land,187457
2014-08,Total,Total,Air,1071303
2014-08,Total,Total,Sea,112534
2014-08,Total,Total,Land,179098
2014-09,Total,Total,Air,893351
2014-09,Total,Total,Sea,96576
2014-09,Total,Total,Land,108699
2014-10,Total,Total,Air,946553
2014-10,Total,Total,Sea,120225
2014-10,Total,Total,Land,136749
2014-11,Total,Total,Air,889338
2014-11,Total,Total,Sea,127900
2014-11,Total,Total,Land,126992
2014-12,Total,Total,Air,1012349
2014-12,Total,Total,Sea,182519
2014-12,Total,Total,Land,165673
2015-01,Total,Total,Air,948689
2015-01,Total,Total,Sea,154708
2015-01,Total,Total,Land,149211
2015-02,Total,Total,Air,900198
2015-02,Total,Total,Sea,151618
2015-02,Total,Total,Land,137002
2015-03,Total,Total,Air,940077
2015-03,Total,Total,Sea,133632
2015-03,Total,Total,Land,127939
2015-04,Total,Total,Air,939370
2015-04,Total,Total,Sea,118120
2015-04,Total,Total,Land,151134
2015-05,Total,Total,Air,945080
2015-05,Total,Total,Sea,123136
2015-05,Total,Total,Land,154620
2015-06,Total,Total,Air,930642
2015-06,Total,Total,Sea,115631
2015-06,Total,Total,Land,138474
2015-07,Total,Total,Air,1184753
2015-07,Total,Total,Sea,139088
2015-07,Total,Total,Land,195392
2015-08,Total,Total,Air,1136524
2015-08,Total,Total,Sea,117490
2015-08,Total,Total,Land,191048
2015-09,Total,Total,Air,925233
2015-09,Total,Total,Sea,95408
2015-09,Total,Total,Land,111335
2015-10,Total,Total,Air,991913
2015-10,Total,Total,Sea,119491
2015-10,Total,Total,Land,135543
2015-11,Total,Total,Air,930209
2015-11,Total,Total,Sea,138730
2015-11,Total,Total,Land,135053
2015-12,Total,Total,Air,1058414
2015-12,Total,Total,Sea,195431
2015-12,Total,Total,Land,171133
2013-01,AFRICA,South Africa (Rep of),Air,2672
2013-01,AFRICA,South Africa (Rep of),Sea,321
2013-01,AFRICA,South Africa (Rep of),Land,198
2013-02,AFRICA,South Africa (Rep of),Air,1376
2013-02,AFRICA,South Africa (Rep of),Sea,130
2013-02,AFRICA,South Africa (Rep of),Land,100
2013-03,AFRICA,South Africa (Rep of),Air,2724
2013-03,AFRICA,South Africa (Rep of),Sea,302
2013-03,AFRICA,South Africa (Rep of),Land,156
2013-04,AFRICA,South Africa (Rep of),Air,2207
2013-04,AFRICA,South Africa (Rep of),Sea,106
2013-04,AFRICA,South Africa (Rep of),Land,181
2013-05,AFRICA,South Africa (Rep of),Air,2036
2013-05,AFRICA,South Africa (Rep of),Sea,110
2013-05,AFRICA,South Africa (Rep of),Land,155
2013-06,AFRICA,South Africa (Rep of),Air,2269
2013-06,AFRICA,South Africa (Rep of),Sea,222
2013-06,AFRICA,South Africa (Rep of),Land,154
2013-07,AFRICA,South Africa (Rep of),Air,2192
2013-07,AFRICA,South Africa (Rep of),Sea,83
2013-07,AFRICA,South Africa (Rep of),Land,253
2013-08,AFRICA,South Africa (Rep of),Air,1561
2013-08,AFRICA,South Africa (Rep of),Sea,70
2013-08,AFRICA,South Africa (Rep of),Land,99
2013-09,AFRICA,South Africa (Rep of),Air,2670
2013-09,AFRICA,South Africa (Rep of),Sea,114
2013-09,AFRICA,South Africa (Rep of),Land,149
2013-10,AFRICA,South Africa (Rep of),Air,1753
2013-10,AFRICA,South Africa (Rep of),Sea,85
2013-10,AFRICA,South Africa (Rep of),Land,275
2013-11,AFRICA,South Africa (Rep of),Air,1614
2013-11,AFRICA,South Africa (Rep of),Sea,120
2013-11,AFRICA,South Africa (Rep of),Land,139
2013-12,AFRICA,South Africa (Rep of),Air,4607
2013-12,AFRICA,South Africa (Rep of),Sea,384
2013-12,AFRICA,South Africa (Rep of),Land,403
2014-01,AFRICA,South Africa (Rep of),Air,2260
2014-01,AFRICA,South Africa (Rep of),Sea,328
2014-01,AFRICA,South Africa (Rep of),Land,241
2014-02,AFRICA,South Africa (Rep of),Air,1482
2014-02,AFRICA,South Africa (Rep of),Sea,133
2014-02,AFRICA,South Africa (Rep of),Land,114
2014-03,AFRICA,South Africa (Rep of),Air,1992
2014-03,AFRICA,South Africa (Rep of),Sea,143
2014-03,AFRICA,South Africa (Rep of),Land,145
2014-04,AFRICA,South Africa (Rep of),Air,2922
2014-04,AFRICA,South Africa (Rep of),Sea,214
2014-04,AFRICA,South Africa (Rep of),Land,228
2014-05,AFRICA,South Africa (Rep of),Air,1694
2014-05,AFRICA,South Africa (Rep of),Sea,58
2014-05,AFRICA,South Africa (Rep of),Land,160
2014-06,AFRICA,South Africa (Rep of),Air,1628
2014-06,AFRICA,South Africa (Rep of),Sea,28
2014-06,AFRICA,South Africa (Rep of),Land,144
2014-07,AFRICA,South Africa (Rep of),Air,2152
2014-07,AFRICA,South Africa (Rep of),Sea,106
2014-07,AFRICA,South Africa (Rep of),Land,190
2014-08,AFRICA,South Africa (Rep of),Air,1836
2014-08,AFRICA,South Africa (Rep of),Sea,71
2014-08,AFRICA,South Africa (Rep of),Land,130
2014-09,AFRICA,South Africa (Rep of),Air,2074
2014-09,AFRICA,South Africa (Rep of),Sea,88
2014-09,AFRICA,South Africa (Rep of),Land,192
2014-10,AFRICA,South Africa (Rep of),Air,1635
2014-10,AFRICA,South Africa (Rep of),Sea,105
2014-10,AFRICA,South Africa (Rep of),Land,113
2014-11,AFRICA,South Africa (Rep of),Air,1828
2014-11,AFRICA,South Africa (Rep of),Sea,334
2014-11,AFRICA,South Africa (Rep of),Land,148
2014-12,AFRICA,South Africa (Rep of),Air,4191
2014-12,AFRICA,South Africa (Rep of),Sea,285
2014-12,AFRICA,South Africa (Rep of),Land,366
2015-01,AFRICA,South Africa (Rep of),Air,2512
2015-01,AFRICA,South Africa (Rep of),Sea,456
2015-01,AFRICA,South Africa (Rep of),Land,287
2015-02,AFRICA,South Africa (Rep of),Air,1316
2015-02,AFRICA,South Africa (Rep of),Sea,213
2015-02,AFRICA,South Africa (Rep of),Land,90
2015-03,AFRICA,South Africa (Rep of),Air,2203
2015-03,AFRICA,South Africa (Rep of),Sea,184
2015-03,AFRICA,South Africa (Rep of),Land,154
2015-04,AFRICA,South Africa (Rep of),Air,2500
2015-04,AFRICA,South Africa (Rep of),Sea,185
2015-04,AFRICA,South Africa (Rep of),Land,200
2015-05,AFRICA,South Africa (Rep of),Air,1977
2015-05,AFRICA,South Africa (Rep of),Sea,263
2015-05,AFRICA,South Africa (Rep of),Land,111
2015-06,AFRICA,South Africa (Rep of),Air,1771
2015-06,AFRICA,South Africa (Rep of),Sea,120
2015-06,AFRICA,South Africa (Rep of),Land,157
2015-07,AFRICA,South Africa (Rep of),Air,2471
2015-07,AFRICA,South Africa (Rep of),Sea,124
2015-07,AFRICA,South Africa (Rep of),Land,157
2015-08,AFRICA,South Africa (Rep of),Air,1994
2015-08,AFRICA,South Africa (Rep of),Sea,82
2015-08,AFRICA,South Africa (Rep of),Land,107
2015-09,AFRICA,South Africa (Rep of),Air,2334
2015-09,AFRICA,South Africa (Rep of),Sea,175
2015-09,AFRICA,South Africa (Rep of),Land,133
2015-10,AFRICA,South Africa (Rep of),Air,2461
2015-10,AFRICA,South Africa (Rep of),Sea,359
2015-10,AFRICA,South Africa (Rep of),Land,161
2015-11,AFRICA,South Africa (Rep of),Air,1932
2015-11,AFRICA,South Africa (Rep of),Sea,304
2015-11,AFRICA,South Africa (Rep of),Land,111
2015-12,AFRICA,South Africa (Rep of),Air,4208
2015-12,AFRICA,South Africa (Rep of),Sea,334
2015-12,AFRICA,South Africa (Rep of),Land,324
2013-01,AMERICAS,USA,Air,39019
2013-01,AMERICAS,Canada,Air,7669
2013-01,AMERICAS,USA,Sea,3453
2013-01,AMERICAS,Canada,Sea,989
2013-01,AMERICAS,USA,Land,3264
2013-01,AMERICAS,Canada,Land,1140
2013-02,AMERICAS,USA,Air,32339
2013-02,AMERICAS,Canada,Air,6661
2013-02,AMERICAS,USA,Sea,5212
2013-02,AMERICAS,Canada,Sea,1253
2013-02,AMERICAS,USA,Land,3145
2013-02,AMERICAS,Canada,Land,1081
2013-03,AMERICAS,USA,Air,38432
2013-03,AMERICAS,Canada,Air,6973
2013-03,AMERICAS,USA,Sea,5164
2013-03,AMERICAS,Canada,Sea,1560
2013-03,AMERICAS,USA,Land,3285
2013-03,AMERICAS,Canada,Land,1102
2013-04,AMERICAS,USA,Air,32075
2013-04,AMERICAS,Canada,Air,5963
2013-04,AMERICAS,USA,Sea,4063
2013-04,AMERICAS,Canada,Sea,1033
2013-04,AMERICAS,USA,Land,2770
2013-04,AMERICAS,Canada,Land,773
2013-05,AMERICAS,USA,Air,32858
2013-05,AMERICAS,Canada,Air,5639
2013-05,AMERICAS,USA,Sea,1344
2013-05,AMERICAS,Canada,Sea,277
2013-05,AMERICAS,USA,Land,2707
2013-05,AMERICAS,Canada,Land,783
2013-06,AMERICAS,USA,Air,39426
2013-06,AMERICAS,Canada,Air,4626
2013-06,AMERICAS,USA,Sea,2651
2013-06,AMERICAS,Canada,Sea,392
2013-06,AMERICAS,USA,Land,3783
2013-06,AMERICAS,Canada,Land,730
2013-07,AMERICAS,USA,Air,39818
2013-07,AMERICAS,Canada,Air,6146
2013-07,AMERICAS,USA,Sea,1311
2013-07,AMERICAS,Canada,Sea,198
2013-07,AMERICAS,USA,Land,4047
2013-07,AMERICAS,Canada,Land,1057
2013-08,AMERICAS,USA,Air,33708
2013-08,AMERICAS,Canada,Air,5716
2013-08,AMERICAS,USA,Sea,1948
2013-08,AMERICAS,Canada,Sea,332
2013-08,AMERICAS,USA,Land,3423
2013-08,AMERICAS,Canada,Land,960
2013-09,AMERICAS,USA,Air,29997
2013-09,AMERICAS,Canada,Air,4252
2013-09,AMERICAS,USA,Sea,1125
2013-09,AMERICAS,Canada,Sea,146
2013-09,AMERICAS,USA,Land,2619
2013-09,AMERICAS,Canada,Land,539
2013-10,AMERICAS,USA,Air,31813
2013-10,AMERICAS,Canada,Air,5528
2013-10,AMERICAS,USA,Sea,3005
2013-10,AMERICAS,Canada,Sea,901
2013-10,AMERICAS,USA,Land,2737
2013-10,AMERICAS,Canada,Land,729
2013-11,AMERICAS,USA,Air,33819
2013-11,AMERICAS,Canada,Air,6117
2013-11,AMERICAS,USA,Sea,3011
2013-11,AMERICAS,Canada,Sea,1046
2013-11,AMERICAS,USA,Land,2790
2013-11,AMERICAS,Canada,Land,837
2013-12,AMERICAS,USA,Air,35514
2013-12,AMERICAS,Canada,Air,7527
2013-12,AMERICAS,USA,Sea,3073
2013-12,AMERICAS,Canada,Sea,861
2013-12,AMERICAS,USA,Land,3198
2013-12,AMERICAS,Canada,Land,1149
2014-01,AMERICAS,USA,Air,37236
2014-01,AMERICAS,Canada,Air,8051
2014-01,AMERICAS,USA,Sea,3454
2014-01,AMERICAS,Canada,Sea,1148
2014-01,AMERICAS,USA,Land,3056
2014-01,AMERICAS,Canada,Land,1118
2014-02,AMERICAS,USA,Air,35526
2014-02,AMERICAS,Canada,Air,7362
2014-02,AMERICAS,USA,Sea,5282
2014-02,AMERICAS,Canada,Sea,1638
2014-02,AMERICAS,USA,Land,3244
2014-02,AMERICAS,Canada,Land,1118
2014-03,AMERICAS,USA,Air,40562
2014-03,AMERICAS,Canada,Air,8056
2014-03,AMERICAS,USA,Sea,6115
2014-03,AMERICAS,Canada,Sea,1651
2014-03,AMERICAS,USA,Land,3052
2014-03,AMERICAS,Canada,Land,1198
2014-04,AMERICAS,USA,Air,31036
2014-04,AMERICAS,Canada,Air,5606
2014-04,AMERICAS,USA,Sea,2720
2014-04,AMERICAS,Canada,Sea,532
2014-04,AMERICAS,USA,Land,2838
2014-04,AMERICAS,Canada,Land,723
2014-05,AMERICAS,USA,Air,31734
2014-05,AMERICAS,Canada,Air,5856
2014-05,AMERICAS,USA,Sea,1002
2014-05,AMERICAS,Canada,Sea,160
2014-05,AMERICAS,USA,Land,2619
2014-05,AMERICAS,Canada,Land,787
2014-06,AMERICAS,USA,Air,36972
2014-06,AMERICAS,Canada,Air,4693
2014-06,AMERICAS,USA,Sea,1115
2014-06,AMERICAS,Canada,Sea,125
2014-06,AMERICAS,USA,Land,3522
2014-06,AMERICAS,Canada,Land,698
2014-07,AMERICAS,USA,Air,38263
2014-07,AMERICAS,Canada,Air,5973
2014-07,AMERICAS,USA,Sea,1349
2014-07,AMERICAS,Canada,Sea,212
2014-07,AMERICAS,USA,Land,3896
2014-07,AMERICAS,Canada,Land,867
2014-08,AMERICAS,USA,Air,33534
2014-08,AMERICAS,Canada,Air,5464
2014-08,AMERICAS,USA,Sea,1259
2014-08,AMERICAS,Canada,Sea,192
2014-08,AMERICAS,USA,Land,3274
2014-08,AMERICAS,Canada,Land,985
2014-09,AMERICAS,USA,Air,29489
2014-09,AMERICAS,Canada,Air,4192
2014-09,AMERICAS,USA,Sea,1491
2014-09,AMERICAS,Canada,Sea,337
2014-09,AMERICAS,USA,Land,2073
2014-09,AMERICAS,Canada,Land,493
2014-10,AMERICAS,USA,Air,30591
2014-10,AMERICAS,Canada,Air,5192
2014-10,AMERICAS,USA,Sea,3299
2014-10,AMERICAS,Canada,Sea,926
2014-10,AMERICAS,USA,Land,2416
2014-10,AMERICAS,Canada,Land,578
2014-11,AMERICAS,USA,Air,33839
2014-11,AMERICAS,Canada,Air,5968
2014-11,AMERICAS,USA,Sea,3303
2014-11,AMERICAS,Canada,Sea,965
2014-11,AMERICAS,USA,Land,2563
2014-11,AMERICAS,Canada,Land,729
2014-12,AMERICAS,USA,Air,36664
2014-12,AMERICAS,Canada,Air,6868
2014-12,AMERICAS,USA,Sea,3704
2014-12,AMERICAS,Canada,Sea,1413
2014-12,AMERICAS,USA,Land,2820
2014-12,AMERICAS,Canada,Land,953
2015-01,AMERICAS,USA,Air,38620
2015-01,AMERICAS,Canada,Air,8031
2015-01,AMERICAS,USA,Sea,5246
2015-01,AMERICAS,Canada,Sea,1966
2015-01,AMERICAS,USA,Land,2979
2015-01,AMERICAS,Canada,Land,878
2015-02,AMERICAS,USA,Air,32505
2015-02,AMERICAS,Canada,Air,6863
2015-02,AMERICAS,USA,Sea,7204
2015-02,AMERICAS,Canada,Sea,2213
2015-02,AMERICAS,USA,Land,2718
2015-02,AMERICAS,Canada,Land,839
2015-03,AMERICAS,USA,Air,39701
2015-03,AMERICAS,Canada,Air,7557
2015-03,AMERICAS,USA,Sea,5627
2015-03,AMERICAS,Canada,Sea,1977
2015-03,AMERICAS,USA,Land,3013
2015-03,AMERICAS,Canada,Land,981
2015-04,AMERICAS,USA,Air,31465
2015-04,AMERICAS,Canada,Air,5925
2015-04,AMERICAS,USA,Sea,2184
2015-04,AMERICAS,Canada,Sea,536
2015-04,AMERICAS,USA,Land,2537
2015-04,AMERICAS,Canada,Land,625
2015-05,AMERICAS,USA,Air,33347
2015-05,AMERICAS,Canada,Air,5702
2015-05,AMERICAS,USA,Sea,1085
2015-05,AMERICAS,Canada,Sea,195
2015-05,AMERICAS,USA,Land,2685
2015-05,AMERICAS,Canada,Land,740
2015-06,AMERICAS,USA,Air,38842
2015-06,AMERICAS,Canada,Air,4767
2015-06,AMERICAS,USA,Sea,2728
2015-06,AMERICAS,Canada,Sea,520
2015-06,AMERICAS,USA,Land,3359
2015-06,AMERICAS,Canada,Land,627
2015-07,AMERICAS,USA,Air,40375
2015-07,AMERICAS,Canada,Air,5876
2015-07,AMERICAS,USA,Sea,1108
2015-07,AMERICAS,Canada,Sea,182
2015-07,AMERICAS,USA,Land,3656
2015-07,AMERICAS,Canada,Land,926
2015-08,AMERICAS,USA,Air,34785
2015-08,AMERICAS,Canada,Air,5565
2015-08,AMERICAS,USA,Sea,1276
2015-08,AMERICAS,Canada,Sea,267
2015-08,AMERICAS,USA,Land,3029
2015-08,AMERICAS,Canada,Land,902
2015-09,AMERICAS,USA,Air,29459
2015-09,AMERICAS,Canada,Air,4514
2015-09,AMERICAS,USA,Sea,1336
2015-09,AMERICAS,Canada,Sea,226
2015-09,AMERICAS,USA,Land,1954
2015-09,AMERICAS,Canada,Land,456
2015-10,AMERICAS,USA,Air,34130
2015-10,AMERICAS,Canada,Air,5953
2015-10,AMERICAS,USA,Sea,3269
2015-10,AMERICAS,Canada,Sea,1213
2015-10,AMERICAS,USA,Land,2284
2015-10,AMERICAS,Canada,Land,692
2015-11,AMERICAS,USA,Air,35300
2015-11,AMERICAS,Canada,Air,6582
2015-11,AMERICAS,USA,Sea,3792
2015-11,AMERICAS,Canada,Sea,1354
2015-11,AMERICAS,USA,Land,2365
2015-11,AMERICAS,Canada,Land,645
2015-12,AMERICAS,USA,Air,38021
2015-12,AMERICAS,Canada,Air,7348
2015-12,AMERICAS,USA,Sea,4827
2015-12,AMERICAS,Canada,Sea,1680
2015-12,AMERICAS,USA,Land,2698
2015-12,AMERICAS,Canada,Land,924
2013-01,ASIA,China,Air,136643
2013-01,ASIA,India,Air,55369
2013-01,ASIA,Japan,Air,51178
2013-01,ASIA,Taiwan,Air,25977
2013-01,ASIA,Vietnam,Air,19793
2013-01,ASIA,Malaysia,Air,67672
2013-01,ASIA,Thailand,Air,26203
2013-01,ASIA,Philippines,Air,35136
2013-01,ASIA,South Korea,Air,34533
2013-01,ASIA,Hong Kong SAR,Air,26358
2013-01,ASIA,China,Sea,5710
2013-01,ASIA,India,Sea,7333
2013-01,ASIA,Japan,Sea,3535
2013-01,ASIA,Taiwan,Sea,852
2013-01,ASIA,Vietnam,Sea,253
2013-01,ASIA,Malaysia,Sea,4136
2013-01,ASIA,Thailand,Sea,748
2013-01,ASIA,Philippines,Sea,2087
2013-01,ASIA,South Korea,Sea,9011
2013-01,ASIA,Hong Kong SAR,Sea,762
2013-01,ASIA,China,Land,46754
2013-01,ASIA,India,Land,8460
2013-01,ASIA,Japan,Land,8144
2013-01,ASIA,Taiwan,Land,5888
2013-01,ASIA,Vietnam,Land,2833
2013-01,ASIA,Malaysia,Land,17492
2013-01,ASIA,Thailand,Land,5946
2013-01,ASIA,Philippines,Land,6978
2013-01,ASIA,South Korea,Land,9649
2013-01,ASIA,Hong Kong SAR,Land,5318
2013-01,ASIA,ASEAN,Air,315536
2013-01,ASIA,ASEAN,Land,67737
2013-01,ASIA,ASEAN,Sea,76740
2013-01,ASIA,Indonesia,Air,152574
2013-01,ASIA,Indonesia,Land,33036
2013-01,ASIA,Indonesia,Sea,69115
2013-02,ASIA,China,Air,177808
2013-02,ASIA,India,Air,47051
2013-02,ASIA,Japan,Air,57320
2013-02,ASIA,Taiwan,Air,30346
2013-02,ASIA,Vietnam,Air,24155
2013-02,ASIA,Malaysia,Air,67966
2013-02,ASIA,Thailand,Air,23767
2013-02,ASIA,Philippines,Air,35430
2013-02,ASIA,South Korea,Air,27640
2013-02,ASIA,Hong Kong SAR,Air,35685
2013-02,ASIA,China,Sea,16055
2013-02,ASIA,India,Sea,5832
2013-02,ASIA,Japan,Sea,2204
2013-02,ASIA,Taiwan,Sea,1242
2013-02,ASIA,Vietnam,Sea,294
2013-02,ASIA,Malaysia,Sea,4957
2013-02,ASIA,Thailand,Sea,580
2013-02,ASIA,Philippines,Sea,2293
2013-02,ASIA,South Korea,Sea,5821
2013-02,ASIA,Hong Kong SAR,Sea,1325
2013-02,ASIA,China,Land,59095
2013-02,ASIA,India,Land,6782
2013-02,ASIA,Japan,Land,8918
2013-02,ASIA,Taiwan,Land,7499
2013-02,ASIA,Vietnam,Land,4532
2013-02,ASIA,Malaysia,Land,18972
2013-02,ASIA,Thailand,Land,5964
2013-02,ASIA,Philippines,Land,6817
2013-02,ASIA,South Korea,Land,6768
2013-02,ASIA,Hong Kong SAR,Land,11463
2013-02,ASIA,ASEAN,Air,280286
2013-02,ASIA,ASEAN,Land,55893
2013-02,ASIA,ASEAN,Sea,69167
2013-02,ASIA,Indonesia,Air,117114
2013-02,ASIA,Indonesia,Land,18272
2013-02,ASIA,Indonesia,Sea,60673
2013-03,ASIA,China,Air,139637
2013-03,ASIA,India,Air,57296
2013-03,ASIA,Japan,Air,71490
2013-03,ASIA,Taiwan,Air,17420
2013-03,ASIA,Vietnam,Air,23807
2013-03,ASIA,Malaysia,Air,84352
2013-03,ASIA,Thailand,Air,33198
2013-03,ASIA,Philippines,Air,50027
2013-03,ASIA,South Korea,Air,23442
2013-03,ASIA,Hong Kong SAR,Air,39248
2013-03,ASIA,China,Sea,3989
2013-03,ASIA,India,Sea,6058
2013-03,ASIA,Japan,Sea,3601
2013-03,ASIA,Taiwan,Sea,733
2013-03,ASIA,Vietnam,Sea,357
2013-03,ASIA,Malaysia,Sea,5830
2013-03,ASIA,Thailand,Sea,863
2013-03,ASIA,Philippines,Sea,3696
2013-03,ASIA,South Korea,Sea,7133
2013-03,ASIA,Hong Kong SAR,Sea,1392
2013-03,ASIA,China,Land,62164
2013-03,ASIA,India,Land,7126
2013-03,ASIA,Japan,Land,12268
2013-03,ASIA,Taiwan,Land,4453
2013-03,ASIA,Vietnam,Land,3568
2013-03,ASIA,Malaysia,Land,18501
2013-03,ASIA,Thailand,Land,10141
2013-03,ASIA,Philippines,Land,9798
2013-03,ASIA,South Korea,Land,6180
2013-03,ASIA,Hong Kong SAR,Land,9580
2013-03,ASIA,ASEAN,Air,369102
2013-03,ASIA,ASEAN,Land,71068
2013-03,ASIA,ASEAN,Sea,83662
2013-03,ASIA,Indonesia,Air,160122
2013-03,ASIA,Indonesia,Land,26677
2013-03,ASIA,Indonesia,Sea,72445
2013-04,ASIA,China,Air,157581
2013-04,ASIA,India,Air,61516
2013-04,ASIA,Japan,Air,43760
2013-04,ASIA,Taiwan,Air,19126
2013-04,ASIA,Vietnam,Air,27309
2013-04,ASIA,Malaysia,Air,73183
2013-04,ASIA,Thailand,Air,38993
2013-04,ASIA,Philippines,Air,57149
2013-04,ASIA,South Korea,Air,20978
2013-04,ASIA,Hong Kong SAR,Air,29513
2013-04,ASIA,China,Sea,4126
2013-04,ASIA,India,Sea,5670
2013-04,ASIA,Japan,Sea,3073
2013-04,ASIA,Taiwan,Sea,727
2013-04,ASIA,Vietnam,Sea,330
2013-04,ASIA,Malaysia,Sea,4650
2013-04,ASIA,Thailand,Sea,1014
2013-04,ASIA,Philippines,Sea,3437
2013-04,ASIA,South Korea,Sea,5587
2013-04,ASIA,Hong Kong SAR,Sea,1043
2013-04,ASIA,China,Land,66163
2013-04,ASIA,India,Land,8917
2013-04,ASIA,Japan,Land,6459
2013-04,ASIA,Taiwan,Land,4408
2013-04,ASIA,Vietnam,Land,4224
2013-04,ASIA,Malaysia,Land,17581
2013-04,ASIA,Thailand,Land,14721
2013-04,ASIA,Philippines,Land,12629
2013-04,ASIA,South Korea,Land,4731
2013-04,ASIA,Hong Kong SAR,Land,9696
2013-04,ASIA,ASEAN,Air,354314
2013-04,ASIA,ASEAN,Land,71808
2013-04,ASIA,ASEAN,Sea,71266
2013-04,ASIA,Indonesia,Air,138163
2013-04,ASIA,Indonesia,Land,19172
2013-04,ASIA,Indonesia,Sea,61267
2013-05,ASIA,China,Air,133232
2013-05,ASIA,India,Air,87309
2013-05,ASIA,Japan,Air,46106
2013-05,ASIA,Taiwan,Air,17658
2013-05,ASIA,Vietnam,Air,25326
2013-05,ASIA,Malaysia,Air,84221
2013-05,ASIA,Thailand,Air,37256
2013-05,ASIA,Philippines,Air,58390
2013-05,ASIA,South Korea,Air,24487
2013-05,ASIA,Hong Kong SAR,Air,32455
2013-05,ASIA,China,Sea,6175
2013-05,ASIA,India,Sea,13496
2013-05,ASIA,Japan,Sea,2341
2013-05,ASIA,Taiwan,Sea,682
2013-05,ASIA,Vietnam,Sea,404
2013-05,ASIA,Malaysia,Sea,6246
2013-05,ASIA,Thailand,Sea,1013
2013-05,ASIA,Philippines,Sea,3795
2013-05,ASIA,South Korea,Sea,5367
2013-05,ASIA,Hong Kong SAR,Sea,1028
2013-05,ASIA,China,Land,59022
2013-05,ASIA,India,Land,21225
2013-05,ASIA,Japan,Land,7044
2013-05,ASIA,Taiwan,Land,3921
2013-05,ASIA,Vietnam,Land,4766
2013-05,ASIA,Malaysia,Land,19050
2013-05,ASIA,Thailand,Land,9902
2013-05,ASIA,Philippines,Land,14744
2013-05,ASIA,South Korea,Land,4003
2013-05,ASIA,Hong Kong SAR,Land,7415
2013-05,ASIA,ASEAN,Air,373550
2013-05,ASIA,ASEAN,Land,74168
2013-05,ASIA,ASEAN,Sea,87172
2013-05,ASIA,Indonesia,Air,151652
2013-05,ASIA,Indonesia,Land,24176
2013-05,ASIA,Indonesia,Sea,75264
2013-06,ASIA,China,Air,119634
2013-06,ASIA,India,Air,74864
2013-06,ASIA,Japan,Air,47736
2013-06,ASIA,Taiwan,Air,22612
2013-06,ASIA,Vietnam,Air,33707
2013-06,ASIA,Malaysia,Air,82301
2013-06,ASIA,Thailand,Air,28829
2013-06,ASIA,Philippines,Air,43538
2013-06,ASIA,South Korea,Air,26186
2013-06,ASIA,Hong Kong SAR,Air,34151
2013-06,ASIA,China,Sea,4195
2013-06,ASIA,India,Sea,11544
2013-06,ASIA,Japan,Sea,2269
2013-06,ASIA,Taiwan,Sea,598
2013-06,ASIA,Vietnam,Sea,730
2013-06,ASIA,Malaysia,Sea,7386
2013-06,ASIA,Thailand,Sea,728
2013-06,ASIA,Philippines,Sea,2889
2013-06,ASIA,South Korea,Sea,5852
2013-06,ASIA,Hong Kong SAR,Sea,1285
2013-06,ASIA,China,Land,43061
2013-06,ASIA,India,Land,13346
2013-06,ASIA,Japan,Land,7752
2013-06,ASIA,Taiwan,Land,6470
2013-06,ASIA,Vietnam,Land,7757
2013-06,ASIA,Malaysia,Land,17599
2013-06,ASIA,Thailand,Land,6461
2013-06,ASIA,Philippines,Land,9441
2013-06,ASIA,South Korea,Land,4371
2013-06,ASIA,Hong Kong SAR,Land,8421
2013-06,ASIA,ASEAN,Air,380532
2013-06,ASIA,ASEAN,Land,83771
2013-06,ASIA,ASEAN,Sea,92704
2013-06,ASIA,Indonesia,Air,174712
2013-06,ASIA,Indonesia,Land,40640
2013-06,ASIA,Indonesia,Sea,80555
2013-07,ASIA,China,Air,185197
2013-07,ASIA,India,Air,59335
2013-07,ASIA,Japan,Air,58643
2013-07,ASIA,Taiwan,Air,32666
2013-07,ASIA,Vietnam,Air,37861
2013-07,ASIA,Malaysia,Air,69165
2013-07,ASIA,Thailand,Air,33500
2013-07,ASIA,Philippines,Air,39789
2013-07,ASIA,South Korea,Air,31669
2013-07,ASIA,Hong Kong SAR,Air,46350
2013-07,ASIA,China,Sea,7415
2013-07,ASIA,India,Sea,7386
2013-07,ASIA,Japan,Sea,3815
2013-07,ASIA,Taiwan,Sea,1033
2013-07,ASIA,Vietnam,Sea,519
2013-07,ASIA,Malaysia,Sea,5880
2013-07,ASIA,Thailand,Sea,718
2013-07,ASIA,Philippines,Sea,1933
2013-07,ASIA,South Korea,Sea,5323
2013-07,ASIA,Hong Kong SAR,Sea,1627
2013-07,ASIA,China,Land,56023
2013-07,ASIA,India,Land,6829
2013-07,ASIA,Japan,Land,7655
2013-07,ASIA,Taiwan,Land,13591
2013-07,ASIA,Vietnam,Land,9454
2013-07,ASIA,Malaysia,Land,18254
2013-07,ASIA,Thailand,Land,7694
2013-07,ASIA,Philippines,Land,7503
2013-07,ASIA,South Korea,Land,4921
2013-07,ASIA,Hong Kong SAR,Land,19685
2013-07,ASIA,ASEAN,Air,358017
2013-07,ASIA,ASEAN,Land,76876
2013-07,ASIA,ASEAN,Sea,77201
2013-07,ASIA,Indonesia,Air,160374
2013-07,ASIA,Indonesia,Land,32590
2013-07,ASIA,Indonesia,Sea,67736
2013-08,ASIA,China,Air,169705
2013-08,ASIA,India,Air,53850
2013-08,ASIA,Japan,Air,78380
2013-08,ASIA,Taiwan,Air,28622
2013-08,ASIA,Vietnam,Air,28930
2013-08,ASIA,Malaysia,Air,86037
2013-08,ASIA,Thailand,Air,29050
2013-08,ASIA,Philippines,Air,41056
2013-08,ASIA,South Korea,Air,34447
2013-08,ASIA,Hong Kong SAR,Air,40007
2013-08,ASIA,China,Sea,9908
2013-08,ASIA,India,Sea,6403
2013-08,ASIA,Japan,Sea,4777
2013-08,ASIA,Taiwan,Sea,699
2013-08,ASIA,Vietnam,Sea,404
2013-08,ASIA,Malaysia,Sea,8186
2013-08,ASIA,Thailand,Sea,694
2013-08,ASIA,Philippines,Sea,2350
2013-08,ASIA,South Korea,Sea,5870
2013-08,ASIA,Hong Kong SAR,Sea,1650
2013-08,ASIA,China,Land,62643
2013-08,ASIA,India,Land,6021
2013-08,ASIA,Japan,Land,9022
2013-08,ASIA,Taiwan,Land,11250
2013-08,ASIA,Vietnam,Land,5646
2013-08,ASIA,Malaysia,Land,22169
2013-08,ASIA,Thailand,Land,6804
2013-08,ASIA,Philippines,Land,8411
2013-08,ASIA,South Korea,Land,5669
2013-08,ASIA,Hong Kong SAR,Land,19680
2013-08,ASIA,ASEAN,Air,397047
2013-08,ASIA,ASEAN,Land,89673
2013-08,ASIA,ASEAN,Sea,98382
2013-08,ASIA,Indonesia,Air,196581
2013-08,ASIA,Indonesia,Land,45240
2013-08,ASIA,Indonesia,Sea,86353
2013-09,ASIA,China,Air,129182
2013-09,ASIA,India,Air,53689
2013-09,ASIA,Japan,Air,62281
2013-09,ASIA,Taiwan,Air,21621
2013-09,ASIA,Vietnam,Air,24113
2013-09,ASIA,Malaysia,Air,74288
2013-09,ASIA,Thailand,Air,29603
2013-09,ASIA,Philippines,Air,38432
2013-09,ASIA,South Korea,Air,26574
2013-09,ASIA,Hong Kong SAR,Air,28417
2013-09,ASIA,China,Sea,3110
2013-09,ASIA,India,Sea,5195
2013-09,ASIA,Japan,Sea,3234
2013-09,ASIA,Taiwan,Sea,688
2013-09,ASIA,Vietnam,Sea,366
2013-09,ASIA,Malaysia,Sea,7235
2013-09,ASIA,Thailand,Sea,664
2013-09,ASIA,Philippines,Sea,1899
2013-09,ASIA,South Korea,Sea,4970
2013-09,ASIA,Hong Kong SAR,Sea,612
2013-09,ASIA,China,Land,46838
2013-09,ASIA,India,Land,5672
2013-09,ASIA,Japan,Land,8271
2013-09,ASIA,Taiwan,Land,4871
2013-09,ASIA,Vietnam,Land,3797
2013-09,ASIA,Malaysia,Land,17450
2013-09,ASIA,Thailand,Land,5987
2013-09,ASIA,Philippines,Land,7548
2013-09,ASIA,South Korea,Land,4055
2013-09,ASIA,Hong Kong SAR,Land,4485
2013-09,ASIA,ASEAN,Air,325168
2013-09,ASIA,ASEAN,Land,54322
2013-09,ASIA,ASEAN,Sea,66433
2013-09,ASIA,Indonesia,Air,144139
2013-09,ASIA,Indonesia,Land,18676
2013-09,ASIA,Indonesia,Sea,55936
2013-10,ASIA,China,Air,93617
2013-10,ASIA,India,Air,58847
2013-10,ASIA,Japan,Air,55295
2013-10,ASIA,Taiwan,Air,18816
2013-10,ASIA,Vietnam,Air,24833
2013-10,ASIA,Malaysia,Air,74821
2013-10,ASIA,Thailand,Air,44824
2013-10,ASIA,Philippines,Air,48710
2013-10,ASIA,South Korea,Air,29244
2013-10,ASIA,Hong Kong SAR,Air,31085
2013-10,ASIA,China,Sea,5518
2013-10,ASIA,India,Sea,6354
2013-10,ASIA,Japan,Sea,2677
2013-10,ASIA,Taiwan,Sea,623
2013-10,ASIA,Vietnam,Sea,1033
2013-10,ASIA,Malaysia,Sea,5034
2013-10,ASIA,Thailand,Sea,973
2013-10,ASIA,Philippines,Sea,2805
2013-10,ASIA,South Korea,Sea,6081
2013-10,ASIA,Hong Kong SAR,Sea,790
2013-10,ASIA,China,Land,18820
2013-10,ASIA,India,Land,7228
2013-10,ASIA,Japan,Land,10062
2013-10,ASIA,Taiwan,Land,3807
2013-10,ASIA,Vietnam,Land,3145
2013-10,ASIA,Malaysia,Land,18242
2013-10,ASIA,Thailand,Land,13090
2013-10,ASIA,Philippines,Land,9845
2013-10,ASIA,South Korea,Land,4832
2013-10,ASIA,Hong Kong SAR,Land,5695
2013-10,ASIA,ASEAN,Air,369494
2013-10,ASIA,ASEAN,Land,68348
2013-10,ASIA,ASEAN,Sea,75147
2013-10,ASIA,Indonesia,Air,158466
2013-10,ASIA,Indonesia,Land,22693
2013-10,ASIA,Indonesia,Sea,64956
2013-11,ASIA,China,Air,91946
2013-11,ASIA,India,Air,56796
2013-11,ASIA,Japan,Air,57789
2013-11,ASIA,Taiwan,Air,17164
2013-11,ASIA,Vietnam,Air,24109
2013-11,ASIA,Malaysia,Air,101477
2013-11,ASIA,Thailand,Air,28083
2013-11,ASIA,Philippines,Air,42905
2013-11,ASIA,South Korea,Air,27345
2013-11,ASIA,Hong Kong SAR,Air,31197
2013-11,ASIA,China,Sea,5097
2013-11,ASIA,India,Sea,9158
2013-11,ASIA,Japan,Sea,3348
2013-11,ASIA,Taiwan,Sea,686
2013-11,ASIA,Vietnam,Sea,427
2013-11,ASIA,Malaysia,Sea,9193
2013-11,ASIA,Thailand,Sea,910
2013-11,ASIA,Philippines,Sea,3013
2013-11,ASIA,South Korea,Sea,7700
2013-11,ASIA,Hong Kong SAR,Sea,2417
2013-11,ASIA,China,Land,22575
2013-11,ASIA,India,Land,8435
2013-11,ASIA,Japan,Land,11466
2013-11,ASIA,Taiwan,Land,4347
2013-11,ASIA,Vietnam,Land,2817
2013-11,ASIA,Malaysia,Land,19285
2013-11,ASIA,Thailand,Land,5692
2013-11,ASIA,Philippines,Land,9277
2013-11,ASIA,South Korea,Land,5343
2013-11,ASIA,Hong Kong SAR,Land,5187
2013-11,ASIA,ASEAN,Air,364862
2013-11,ASIA,ASEAN,Land,59707
2013-11,ASIA,ASEAN,Sea,80489
2013-11,ASIA,Indonesia,Air,150644
2013-11,ASIA,Indonesia,Land,21157
2013-11,ASIA,Indonesia,Sea,66432
2013-12,ASIA,China,Air,92319
2013-12,ASIA,India,Air,66336
2013-12,ASIA,Japan,Air,57842
2013-12,ASIA,Taiwan,Air,15253
2013-12,ASIA,Vietnam,Air,25421
2013-12,ASIA,Malaysia,Air,109587
2013-12,ASIA,Thailand,Air,32802
2013-12,ASIA,Philippines,Air,49129
2013-12,ASIA,South Korea,Air,25193
2013-12,ASIA,Hong Kong SAR,Air,32783
2013-12,ASIA,China,Sea,5461
2013-12,ASIA,India,Sea,7743
2013-12,ASIA,Japan,Sea,3501
2013-12,ASIA,Taiwan,Sea,741
2013-12,ASIA,Vietnam,Sea,487
2013-12,ASIA,Malaysia,Sea,10049
2013-12,ASIA,Thailand,Sea,1314
2013-12,ASIA,Philippines,Sea,3149
2013-12,ASIA,South Korea,Sea,5571
2013-12,ASIA,Hong Kong SAR,Sea,1227
2013-12,ASIA,China,Land,23452
2013-12,ASIA,India,Land,9082
2013-12,ASIA,Japan,Land,9589
2013-12,ASIA,Taiwan,Land,3218
2013-12,ASIA,Vietnam,Land,2988
2013-12,ASIA,Malaysia,Land,22495
2013-12,ASIA,Thailand,Land,8680
2013-12,ASIA,Philippines,Land,11766
2013-12,ASIA,South Korea,Land,5222
2013-12,ASIA,Hong Kong SAR,Land,10778
2013-12,ASIA,ASEAN,Air,423973
2013-12,ASIA,ASEAN,Land,92269
2013-12,ASIA,ASEAN,Sea,110511
2013-12,ASIA,Indonesia,Air,184681
2013-12,ASIA,Indonesia,Land,41758
2013-12,ASIA,Indonesia,Sea,94818
2014-01,ASIA,China,Air,151194
2014-01,ASIA,India,Air,53258
2014-01,ASIA,Japan,Air,48668
2014-01,ASIA,Taiwan,Air,25564
2014-01,ASIA,Vietnam,Air,22967
2014-01,ASIA,Malaysia,Air,66150
2014-01,ASIA,Thailand,Air,28134
2014-01,ASIA,Philippines,Air,34133
2014-01,ASIA,South Korea,Air,40745
2014-01,ASIA,Hong Kong SAR,Air,34317
2014-01,ASIA,China,Sea,10351
2014-01,ASIA,India,Sea,5091
2014-01,ASIA,Japan,Sea,2870
2014-01,ASIA,Taiwan,Sea,714
2014-01,ASIA,Vietnam,Sea,528
2014-01,ASIA,Malaysia,Sea,3523
2014-01,ASIA,Thailand,Sea,1144
2014-01,ASIA,Philippines,Sea,2604
2014-01,ASIA,South Korea,Sea,8967
2014-01,ASIA,Hong Kong SAR,Sea,943
2014-01,ASIA,China,Land,26692
2014-01,ASIA,India,Land,7208
2014-01,ASIA,Japan,Land,8040
2014-01,ASIA,Taiwan,Land,5755
2014-01,ASIA,Vietnam,Land,2576
2014-01,ASIA,Malaysia,Land,19809
2014-01,ASIA,Thailand,Land,5985
2014-01,ASIA,Philippines,Land,6965
2014-01,ASIA,South Korea,Land,10033
2014-01,ASIA,Hong Kong SAR,Land,6649
2014-01,ASIA,ASEAN,Air,341952
2014-01,ASIA,ASEAN,Land,72324
2014-01,ASIA,ASEAN,Sea,82929
2014-01,ASIA,Indonesia,Air,173987
2014-01,ASIA,Indonesia,Land,35421
2014-01,ASIA,Indonesia,Sea,74718
2014-02,ASIA,China,Air,144045
2014-02,ASIA,India,Air,50766
2014-02,ASIA,Japan,Air,57054
2014-02,ASIA,Taiwan,Air,24411
2014-02,ASIA,Vietnam,Air,27391
2014-02,ASIA,Malaysia,Air,68232
2014-02,ASIA,Thailand,Air,28917
2014-02,ASIA,Philippines,Air,34969
2014-02,ASIA,South Korea,Air,33921
2014-02,ASIA,Hong Kong SAR,Air,35033
2014-02,ASIA,China,Sea,18893
2014-02,ASIA,India,Sea,6960
2014-02,ASIA,Japan,Sea,3888
2014-02,ASIA,Taiwan,Sea,1104
2014-02,ASIA,Vietnam,Sea,676
2014-02,ASIA,Malaysia,Sea,5056
2014-02,ASIA,Thailand,Sea,930
2014-02,ASIA,Philippines,Sea,2668
2014-02,ASIA,South Korea,Sea,9175
2014-02,ASIA,Hong Kong SAR,Sea,1809
2014-02,ASIA,China,Land,40662
2014-02,ASIA,India,Land,5273
2014-02,ASIA,Japan,Land,8288
2014-02,ASIA,Taiwan,Land,7359
2014-02,ASIA,Vietnam,Land,4986
2014-02,ASIA,Malaysia,Land,17893
2014-02,ASIA,Thailand,Land,5314
2014-02,ASIA,Philippines,Land,6902
2014-02,ASIA,South Korea,Land,8834
2014-02,ASIA,Hong Kong SAR,Land,11598
2014-02,ASIA,ASEAN,Air,308868
2014-02,ASIA,ASEAN,Land,57974
2014-02,ASIA,ASEAN,Sea,73370
2014-02,ASIA,Indonesia,Air,133797
2014-02,ASIA,Indonesia,Land,21597
2014-02,ASIA,Indonesia,Sea,63642
2014-03,ASIA,China,Air,119351
2014-03,ASIA,India,Air,58998
2014-03,ASIA,Japan,Air,70987
2014-03,ASIA,Taiwan,Air,17426
2014-03,ASIA,Vietnam,Air,26405
2014-03,ASIA,Malaysia,Air,82663
2014-03,ASIA,Thailand,Air,37145
2014-03,ASIA,Philippines,Air,44755
2014-03,ASIA,South Korea,Air,27197
2014-03,ASIA,Hong Kong SAR,Air,34752
2014-03,ASIA,China,Sea,4955
2014-03,ASIA,India,Sea,6344
2014-03,ASIA,Japan,Sea,4075
2014-03,ASIA,Taiwan,Sea,628
2014-03,ASIA,Vietnam,Sea,522
2014-03,ASIA,Malaysia,Sea,5781
2014-03,ASIA,Thailand,Sea,798
2014-03,ASIA,Philippines,Sea,3456
2014-03,ASIA,South Korea,Sea,7693
2014-03,ASIA,Hong Kong SAR,Sea,897
2014-03,ASIA,China,Land,41336
2014-03,ASIA,India,Land,5146
2014-03,ASIA,Japan,Land,10884
2014-03,ASIA,Taiwan,Land,4061
2014-03,ASIA,Vietnam,Land,4133
2014-03,ASIA,Malaysia,Land,18558
2014-03,ASIA,Thailand,Land,8395
2014-03,ASIA,Philippines,Land,8839
2014-03,ASIA,South Korea,Land,6105
2014-03,ASIA,Hong Kong SAR,Land,7569
2014-03,ASIA,ASEAN,Air,365502
2014-03,ASIA,ASEAN,Land,63572
2014-03,ASIA,ASEAN,Sea,79839
2014-03,ASIA,Indonesia,Air,155882
2014-03,ASIA,Indonesia,Land,21736
2014-03,ASIA,Indonesia,Sea,68690
2014-04,ASIA,China,Air,96406
2014-04,ASIA,India,Air,66218
2014-04,ASIA,Japan,Air,43358
2014-04,ASIA,Taiwan,Air,21059
2014-04,ASIA,Vietnam,Air,26244
2014-04,ASIA,Malaysia,Air,74164
2014-04,ASIA,Thailand,Air,43263
2014-04,ASIA,Philippines,Air,56709
2014-04,ASIA,South Korea,Air,25378
2014-04,ASIA,Hong Kong SAR,Air,50304
2014-04,ASIA,China,Sea,4571
2014-04,ASIA,India,Sea,5699
2014-04,ASIA,Japan,Sea,1813
2014-04,ASIA,Taiwan,Sea,901
2014-04,ASIA,Vietnam,Sea,457
2014-04,ASIA,Malaysia,Sea,3502
2014-04,ASIA,Thailand,Sea,751
2014-04,ASIA,Philippines,Sea,2637
2014-04,ASIA,South Korea,Sea,6081
2014-04,ASIA,Hong Kong SAR,Sea,1843
2014-04,ASIA,China,Land,25530
2014-04,ASIA,India,Land,7619
2014-04,ASIA,Japan,Land,5580
2014-04,ASIA,Taiwan,Land,3905
2014-04,ASIA,Vietnam,Land,3533
2014-04,ASIA,Malaysia,Land,17316
2014-04,ASIA,Thailand,Land,12122
2014-04,ASIA,Philippines,Land,14212
2014-04,ASIA,South Korea,Land,4788
2014-04,ASIA,Hong Kong SAR,Land,17528
2014-04,ASIA,ASEAN,Air,368255
2014-04,ASIA,ASEAN,Land,71461
2014-04,ASIA,ASEAN,Sea,72185
2014-04,ASIA,Indonesia,Air,145037
2014-04,ASIA,Indonesia,Land,21366
2014-04,ASIA,Indonesia,Sea,63833
2014-05,ASIA,China,Air,79711
2014-05,ASIA,India,Air,90340
2014-05,ASIA,Japan,Air,46397
2014-05,ASIA,Taiwan,Air,21490
2014-05,ASIA,Vietnam,Air,31407
2014-05,ASIA,Malaysia,Air,77834
2014-05,ASIA,Thailand,Air,37994
2014-05,ASIA,Philippines,Air,57263
2014-05,ASIA,South Korea,Air,31731
2014-05,ASIA,Hong Kong SAR,Air,39510
2014-05,ASIA,China,Sea,4168
2014-05,ASIA,India,Sea,12108
2014-05,ASIA,Japan,Sea,1806
2014-05,ASIA,Taiwan,Sea,473
2014-05,ASIA,Vietnam,Sea,676
2014-05,ASIA,Malaysia,Sea,3983
2014-05,ASIA,Thailand,Sea,670
2014-05,ASIA,Philippines,Sea,2878
2014-05,ASIA,South Korea,Sea,4752
2014-05,ASIA,Hong Kong SAR,Sea,746
2014-05,ASIA,China,Land,12108
2014-05,ASIA,India,Land,16505
2014-05,ASIA,Japan,Land,5970
2014-05,ASIA,Taiwan,Land,4736
2014-05,ASIA,Vietnam,Land,4547
2014-05,ASIA,Malaysia,Land,18831
2014-05,ASIA,Thailand,Land,8019
2014-05,ASIA,Philippines,Land,16835
2014-05,ASIA,South Korea,Land,5463
2014-05,ASIA,Hong Kong SAR,Land,7603
2014-05,ASIA,ASEAN,Air,386249
2014-05,ASIA,ASEAN,Land,78558
2014-05,ASIA,ASEAN,Sea,85048
2014-05,ASIA,Indonesia,Air,162523
2014-05,ASIA,Indonesia,Land,28889
2014-05,ASIA,Indonesia,Sea,76302
2014-06,ASIA,China,Air,78208
2014-06,ASIA,India,Air,74552
2014-06,ASIA,Japan,Air,47175
2014-06,ASIA,Taiwan,Air,19246
2014-06,ASIA,Vietnam,Air,40436
2014-06,ASIA,Malaysia,Air,85443
2014-06,ASIA,Thailand,Air,33527
2014-06,ASIA,Philippines,Air,43866
2014-06,ASIA,South Korea,Air,28898
2014-06,ASIA,Hong Kong SAR,Air,37885
2014-06,ASIA,China,Sea,3930
2014-06,ASIA,India,Sea,9661
2014-06,ASIA,Japan,Sea,1539
2014-06,ASIA,Taiwan,Sea,520
2014-06,ASIA,Vietnam,Sea,754
2014-06,ASIA,Malaysia,Sea,5135
2014-06,ASIA,Thailand,Sea,538
2014-06,ASIA,Philippines,Sea,2152
2014-06,ASIA,South Korea,Sea,4561
2014-06,ASIA,Hong Kong SAR,Sea,696
2014-06,ASIA,China,Land,9347
2014-06,ASIA,India,Land,10525
2014-06,ASIA,Japan,Land,7330
2014-06,ASIA,Taiwan,Land,6041
2014-06,ASIA,Vietnam,Land,7809
2014-06,ASIA,Malaysia,Land,18367
2014-06,ASIA,Thailand,Land,5018
2014-06,ASIA,Philippines,Land,10206
2014-06,ASIA,South Korea,Land,4130
2014-06,ASIA,Hong Kong SAR,Land,8601
2014-06,ASIA,ASEAN,Air,386515
2014-06,ASIA,ASEAN,Land,80825
2014-06,ASIA,ASEAN,Sea,85368
2014-06,ASIA,Indonesia,Air,163853
2014-06,ASIA,Indonesia,Land,37977
2014-06,ASIA,Indonesia,Sea,76351
2014-07,ASIA,China,Air,152582
2014-07,ASIA,India,Air,60411
2014-07,ASIA,Japan,Air,60271
2014-07,ASIA,Taiwan,Air,30744
2014-07,ASIA,Vietnam,Air,44613
2014-07,ASIA,Malaysia,Air,75499
2014-07,ASIA,Thailand,Air,36965
2014-07,ASIA,Philippines,Air,38950
2014-07,ASIA,South Korea,Air,36186
2014-07,ASIA,Hong Kong SAR,Air,56405
2014-07,ASIA,China,Sea,9782
2014-07,ASIA,India,Sea,6697
2014-07,ASIA,Japan,Sea,2290
2014-07,ASIA,Taiwan,Sea,803
2014-07,ASIA,Vietnam,Sea,972
2014-07,ASIA,Malaysia,Sea,4489
2014-07,ASIA,Thailand,Sea,633
2014-07,ASIA,Philippines,Sea,2239
2014-07,ASIA,South Korea,Sea,4757
2014-07,ASIA,Hong Kong SAR,Sea,1625
2014-07,ASIA,China,Land,18289
2014-07,ASIA,India,Land,5616
2014-07,ASIA,Japan,Land,6858
2014-07,ASIA,Taiwan,Land,12682
2014-07,ASIA,Vietnam,Land,10366
2014-07,ASIA,Malaysia,Land,21473
2014-07,ASIA,Thailand,Land,6187
2014-07,ASIA,Philippines,Land,8317
2014-07,ASIA,South Korea,Land,5723
2014-07,ASIA,Hong Kong SAR,Land,22778
2014-07,ASIA,ASEAN,Air,383953
2014-07,ASIA,ASEAN,Land,86526
2014-07,ASIA,ASEAN,Sea,97815
2014-07,ASIA,Indonesia,Air,169021
2014-07,ASIA,Indonesia,Land,38865
2014-07,ASIA,Indonesia,Sea,88994
2014-08,ASIA,China,Air,142740
2014-08,ASIA,India,Air,58728
2014-08,ASIA,Japan,Air,83534
2014-08,ASIA,Taiwan,Air,26863
2014-08,ASIA,Vietnam,Air,35029
2014-08,ASIA,Malaysia,Air,71147
2014-08,ASIA,Thailand,Air,34462
2014-08,ASIA,Philippines,Air,40471
2014-08,ASIA,South Korea,Air,42873
2014-08,ASIA,Hong Kong SAR,Air,58214
2014-08,ASIA,China,Sea,11162
2014-08,ASIA,India,Sea,6568
2014-08,ASIA,Japan,Sea,3508
2014-08,ASIA,Taiwan,Sea,696
2014-08,ASIA,Vietnam,Sea,897
2014-08,ASIA,Malaysia,Sea,3765
2014-08,ASIA,Thailand,Sea,684
2014-08,ASIA,Philippines,Sea,2055
2014-08,ASIA,South Korea,Sea,7215
2014-08,ASIA,Hong Kong SAR,Sea,1633
2014-08,ASIA,China,Land,20248
2014-08,ASIA,India,Land,4664
2014-08,ASIA,Japan,Land,8206
2014-08,ASIA,Taiwan,Land,10863
2014-08,ASIA,Vietnam,Land,5849
2014-08,ASIA,Malaysia,Land,18310
2014-08,ASIA,Thailand,Land,5703
2014-08,ASIA,Philippines,Land,8548
2014-08,ASIA,South Korea,Land,6535
2014-08,ASIA,Hong Kong SAR,Land,27326
2014-08,ASIA,ASEAN,Air,341732
2014-08,ASIA,ASEAN,Land,67166
2014-08,ASIA,ASEAN,Sea,71367
2014-08,ASIA,Indonesia,Air,143653
2014-08,ASIA,Indonesia,Land,27579
2014-08,ASIA,Indonesia,Sea,63478
2014-09,ASIA,China,Air,89688
2014-09,ASIA,India,Air,56715
2014-09,ASIA,Japan,Air,64663
2014-09,ASIA,Taiwan,Air,20165
2014-09,ASIA,Vietnam,Air,24965
2014-09,ASIA,Malaysia,Air,79604
2014-09,ASIA,Thailand,Air,29706
2014-09,ASIA,Philippines,Air,38142
2014-09,ASIA,South Korea,Air,29616
2014-09,ASIA,Hong Kong SAR,Air,34660
2014-09,ASIA,China,Sea,3641
2014-09,ASIA,India,Sea,4341
2014-09,ASIA,Japan,Sea,2007
2014-09,ASIA,Taiwan,Sea,814
2014-09,ASIA,Vietnam,Sea,622
2014-09,ASIA,Malaysia,Sea,4418
2014-09,ASIA,Thailand,Sea,594
2014-09,ASIA,Philippines,Sea,1885
2014-09,ASIA,South Korea,Sea,5175
2014-09,ASIA,Hong Kong SAR,Sea,770
2014-09,ASIA,China,Land,12451
2014-09,ASIA,India,Land,4695
2014-09,ASIA,Japan,Land,7738
2014-09,ASIA,Taiwan,Land,4394
2014-09,ASIA,Vietnam,Land,3373
2014-09,ASIA,Malaysia,Land,15317
2014-09,ASIA,Thailand,Land,4822
2014-09,ASIA,Philippines,Land,7219
2014-09,ASIA,South Korea,Land,4485
2014-09,ASIA,Hong Kong SAR,Land,4501
2014-09,ASIA,ASEAN,Air,316768
2014-09,ASIA,ASEAN,Land,49106
2014-09,ASIA,ASEAN,Sea,70453
2014-09,ASIA,Indonesia,Air,126955
2014-09,ASIA,Indonesia,Land,17072
2014-09,ASIA,Indonesia,Sea,62566
2014-10,ASIA,China,Air,108665
2014-10,ASIA,India,Air,70288
2014-10,ASIA,Japan,Air,57132
2014-10,ASIA,Taiwan,Air,19784
2014-10,ASIA,Vietnam,Air,26165
2014-10,ASIA,Malaysia,Air,75844
2014-10,ASIA,Thailand,Air,42854
2014-10,ASIA,Philippines,Air,46154
2014-10,ASIA,South Korea,Air,32221
2014-10,ASIA,Hong Kong SAR,Air,33080
2014-10,ASIA,China,Sea,6269
2014-10,ASIA,India,Sea,9218
2014-10,ASIA,Japan,Sea,2268
2014-10,ASIA,Taiwan,Sea,654
2014-10,ASIA,Vietnam,Sea,948
2014-10,ASIA,Malaysia,Sea,4532
2014-10,ASIA,Thailand,Sea,761
2014-10,ASIA,Philippines,Sea,2360
2014-10,ASIA,South Korea,Sea,6139
2014-10,ASIA,Hong Kong SAR,Sea,1134
2014-10,ASIA,China,Land,19059
2014-10,ASIA,India,Land,9349
2014-10,ASIA,Japan,Land,9209
2014-10,ASIA,Taiwan,Land,3759
2014-10,ASIA,Vietnam,Land,3439
2014-10,ASIA,Malaysia,Land,16808
2014-10,ASIA,Thailand,Land,10301
2014-10,ASIA,Philippines,Land,10058
2014-10,ASIA,South Korea,Land,6450
2014-10,ASIA,Hong Kong SAR,Land,5932
2014-10,ASIA,ASEAN,Air,347547
2014-10,ASIA,ASEAN,Land,61383
2014-10,ASIA,ASEAN,Sea,76109
2014-10,ASIA,Indonesia,Air,139553
2014-10,ASIA,Indonesia,Land,19997
2014-10,ASIA,Indonesia,Sea,67080
2014-11,ASIA,China,Air,101663
2014-11,ASIA,India,Air,57331
2014-11,ASIA,Japan,Air,56263
2014-11,ASIA,Taiwan,Air,17459
2014-11,ASIA,Vietnam,Air,25635
2014-11,ASIA,Malaysia,Air,83024
2014-11,ASIA,Thailand,Air,29057
2014-11,ASIA,Philippines,Air,41865
2014-11,ASIA,South Korea,Air,28442
2014-11,ASIA,Hong Kong SAR,Air,33050
2014-11,ASIA,China,Sea,5651
2014-11,ASIA,India,Sea,8153
2014-11,ASIA,Japan,Sea,2620
2014-11,ASIA,Taiwan,Sea,591
2014-11,ASIA,Vietnam,Sea,1028
2014-11,ASIA,Malaysia,Sea,7201
2014-11,ASIA,Thailand,Sea,806
2014-11,ASIA,Philippines,Sea,2733
2014-11,ASIA,South Korea,Sea,6704
2014-11,ASIA,Hong Kong SAR,Sea,1312
2014-11,ASIA,China,Land,24417
2014-11,ASIA,India,Land,6071
2014-11,ASIA,Japan,Land,10532
2014-11,ASIA,Taiwan,Land,3190
2014-11,ASIA,Vietnam,Land,3275
2014-11,ASIA,Malaysia,Land,16088
2014-11,ASIA,Thailand,Land,5275
2014-11,ASIA,Philippines,Land,8910
2014-11,ASIA,South Korea,Land,5084
2014-11,ASIA,Hong Kong SAR,Land,4657
2014-11,ASIA,ASEAN,Air,325612
2014-11,ASIA,ASEAN,Land,54116
2014-11,ASIA,ASEAN,Sea,83431
2014-11,ASIA,Indonesia,Air,129206
2014-11,ASIA,Indonesia,Land,18994
2014-11,ASIA,Indonesia,Sea,71169
2014-12,ASIA,China,Air,98423
2014-12,ASIA,India,Air,66061
2014-12,ASIA,Japan,Air,59926
2014-12,ASIA,Taiwan,Air,14718
2014-12,ASIA,Vietnam,Air,27369
2014-12,ASIA,Malaysia,Air,111825
2014-12,ASIA,Thailand,Air,31237
2014-12,ASIA,Philippines,Air,49393
2014-12,ASIA,South Korea,Air,28823
2014-12,ASIA,Hong Kong SAR,Air,34903
2014-12,ASIA,China,Sea,5067
2014-12,ASIA,India,Sea,8360
2014-12,ASIA,Japan,Sea,2803
2014-12,ASIA,Taiwan,Sea,597
2014-12,ASIA,Vietnam,Sea,798
2014-12,ASIA,Malaysia,Sea,12169
2014-12,ASIA,Thailand,Sea,1003
2014-12,ASIA,Philippines,Sea,3294
2014-12,ASIA,South Korea,Sea,5745
2014-12,ASIA,Hong Kong SAR,Sea,1538
2014-12,ASIA,China,Land,21125
2014-12,ASIA,India,Land,8099
2014-12,ASIA,Japan,Land,9191
2014-12,ASIA,Taiwan,Land,3262
2014-12,ASIA,Vietnam,Land,3018
2014-12,ASIA,Malaysia,Land,19282
2014-12,ASIA,Thailand,Land,6795
2014-12,ASIA,Philippines,Land,11839
2014-12,ASIA,South Korea,Land,6350
2014-12,ASIA,Hong Kong SAR,Land,9228
2014-12,ASIA,ASEAN,Air,405409
2014-12,ASIA,ASEAN,Land,82702
2014-12,ASIA,ASEAN,Sea,131087
2014-12,ASIA,Indonesia,Air,163528
2014-12,ASIA,Indonesia,Land,38671
2014-12,ASIA,Indonesia,Sea,113196
2015-01,ASIA,China,Air,111290
2015-01,ASIA,India,Air,59361
2015-01,ASIA,Japan,Air,47358
2015-01,ASIA,Taiwan,Air,23478
2015-01,ASIA,Vietnam,Air,24906
2015-01,ASIA,Malaysia,Air,66708
2015-01,ASIA,Thailand,Air,28690
2015-01,ASIA,Philippines,Air,32690
2015-01,ASIA,South Korea,Air,47979
2015-01,ASIA,Hong Kong SAR,Air,28013
2015-01,ASIA,China,Sea,6112
2015-01,ASIA,India,Sea,8251
2015-01,ASIA,Japan,Sea,3595
2015-01,ASIA,Taiwan,Sea,744
2015-01,ASIA,Vietnam,Sea,889
2015-01,ASIA,Malaysia,Sea,3876
2015-01,ASIA,Thailand,Sea,1037
2015-01,ASIA,Philippines,Sea,2902
2015-01,ASIA,South Korea,Sea,11299
2015-01,ASIA,Hong Kong SAR,Sea,1915
2015-01,ASIA,China,Land,23146
2015-01,ASIA,India,Land,5993
2015-01,ASIA,Japan,Land,7526
2015-01,ASIA,Taiwan,Land,6463
2015-01,ASIA,Vietnam,Land,2837
2015-01,ASIA,Malaysia,Land,15609
2015-01,ASIA,Thailand,Land,7071
2015-01,ASIA,Philippines,Land,7247
2015-01,ASIA,South Korea,Land,12542
2015-01,ASIA,Hong Kong SAR,Land,4084
2015-01,ASIA,ASEAN,Air,301434
2015-01,ASIA,ASEAN,Land,63055
2015-01,ASIA,ASEAN,Sea,83644
2015-01,ASIA,Indonesia,Air,132786
2015-01,ASIA,Indonesia,Land,29024
2015-01,ASIA,Indonesia,Sea,74485
2015-02,ASIA,China,Air,191067
2015-02,ASIA,India,Air,49204
2015-02,ASIA,Japan,Air,52713
2015-02,ASIA,Taiwan,Air,29131
2015-02,ASIA,Vietnam,Air,23760
2015-02,ASIA,Malaysia,Air,61482
2015-02,ASIA,Thailand,Air,24289
2015-02,ASIA,Philippines,Air,32365
2015-02,ASIA,South Korea,Air,35610
2015-02,ASIA,Hong Kong SAR,Air,35643
2015-02,ASIA,China,Sea,19561
2015-02,ASIA,India,Sea,6299
2015-02,ASIA,Japan,Sea,1932
2015-02,ASIA,Taiwan,Sea,1076
2015-02,ASIA,Vietnam,Sea,960
2015-02,ASIA,Malaysia,Sea,4442
2015-02,ASIA,Thailand,Sea,974
2015-02,ASIA,Philippines,Sea,2332
2015-02,ASIA,South Korea,Sea,7541
2015-02,ASIA,Hong Kong SAR,Sea,2051
2015-02,ASIA,China,Land,27383
2015-02,ASIA,India,Land,4513
2015-02,ASIA,Japan,Land,7777
2015-02,ASIA,Taiwan,Land,9852
2015-02,ASIA,Vietnam,Land,3430
2015-02,ASIA,Malaysia,Land,16484
2015-02,ASIA,Thailand,Land,4626
2015-02,ASIA,Philippines,Land,6458
2015-02,ASIA,South Korea,Land,8264
2015-02,ASIA,Hong Kong SAR,Land,9291
2015-02,ASIA,ASEAN,Air,254988
2015-02,ASIA,ASEAN,Land,49873
2015-02,ASIA,ASEAN,Sea,75528
2015-02,ASIA,Indonesia,Air,99961
2015-02,ASIA,Indonesia,Land,17829
2015-02,ASIA,Indonesia,Sea,66393
2015-03,ASIA,China,Air,101924
2015-03,ASIA,India,Air,59473
2015-03,ASIA,Japan,Air,67646
2015-03,ASIA,Taiwan,Air,19833
2015-03,ASIA,Vietnam,Air,27347
2015-03,ASIA,Malaysia,Air,82932
2015-03,ASIA,Thailand,Air,34776
2015-03,ASIA,Philippines,Air,42881
2015-03,ASIA,South Korea,Air,29672
2015-03,ASIA,Hong Kong SAR,Air,35883
2015-03,ASIA,China,Sea,5430
2015-03,ASIA,India,Sea,6369
2015-03,ASIA,Japan,Sea,2262
2015-03,ASIA,Taiwan,Sea,515
2015-03,ASIA,Vietnam,Sea,789
2015-03,ASIA,Malaysia,Sea,3758
2015-03,ASIA,Thailand,Sea,1188
2015-03,ASIA,Philippines,Sea,2575
2015-03,ASIA,South Korea,Sea,7695
2015-03,ASIA,Hong Kong SAR,Sea,678
2015-03,ASIA,China,Land,23473
2015-03,ASIA,India,Land,4460
2015-03,ASIA,Japan,Land,10033
2015-03,ASIA,Taiwan,Land,4346
2015-03,ASIA,Vietnam,Land,2771
2015-03,ASIA,Malaysia,Land,15239
2015-03,ASIA,Thailand,Land,7540
2015-03,ASIA,Philippines,Land,8193
2015-03,ASIA,South Korea,Land,5505
2015-03,ASIA,Hong Kong SAR,Land,5242
2015-03,ASIA,ASEAN,Air,332791
2015-03,ASIA,ASEAN,Land,52062
2015-03,ASIA,ASEAN,Sea,77146
2015-03,ASIA,Indonesia,Air,125808
2015-03,ASIA,Indonesia,Land,17137
2015-03,ASIA,Indonesia,Sea,68402
2015-04,ASIA,China,Air,118388
2015-04,ASIA,India,Air,70917
2015-04,ASIA,Japan,Air,39367
2015-04,ASIA,Taiwan,Air,22075
2015-04,ASIA,Vietnam,Air,31299
2015-04,ASIA,Malaysia,Air,72938
2015-04,ASIA,Thailand,Air,37247
2015-04,ASIA,Philippines,Air,55697
2015-04,ASIA,South Korea,Air,29751
2015-04,ASIA,Hong Kong SAR,Air,44738
2015-04,ASIA,China,Sea,4102
2015-04,ASIA,India,Sea,6499
2015-04,ASIA,Japan,Sea,2775
2015-04,ASIA,Taiwan,Sea,568
2015-04,ASIA,Vietnam,Sea,1041
2015-04,ASIA,Malaysia,Sea,3237
2015-04,ASIA,Thailand,Sea,669
2015-04,ASIA,Philippines,Sea,2635
2015-04,ASIA,South Korea,Sea,6748
2015-04,ASIA,Hong Kong SAR,Sea,1050
2015-04,ASIA,China,Land,31294
2015-04,ASIA,India,Land,6625
2015-04,ASIA,Japan,Land,4545
2015-04,ASIA,Taiwan,Land,6586
2015-04,ASIA,Vietnam,Land,4132
2015-04,ASIA,Malaysia,Land,14340
2015-04,ASIA,Thailand,Land,9922
2015-04,ASIA,Philippines,Land,13927
2015-04,ASIA,South Korea,Land,5103
2015-04,ASIA,Hong Kong SAR,Land,13171
2015-04,ASIA,ASEAN,Air,341398
2015-04,ASIA,ASEAN,Land,61183
2015-04,ASIA,ASEAN,Sea,75632
2015-04,ASIA,Indonesia,Air,123212
2015-04,ASIA,Indonesia,Land,16540
2015-04,ASIA,Indonesia,Sea,67386
2015-05,ASIA,China,Air,106560
2015-05,ASIA,India,Air,101086
2015-05,ASIA,Japan,Air,45472
2015-05,ASIA,Taiwan,Air,18951
2015-05,ASIA,Vietnam,Air,30131
2015-05,ASIA,Malaysia,Air,79873
2015-05,ASIA,Thailand,Air,38583
2015-05,ASIA,Philippines,Air,54539
2015-05,ASIA,South Korea,Air,32833
2015-05,ASIA,Hong Kong SAR,Air,38682
2015-05,ASIA,China,Sea,3905
2015-05,ASIA,India,Sea,13716
2015-05,ASIA,Japan,Sea,1619
2015-05,ASIA,Taiwan,Sea,473
2015-05,ASIA,Vietnam,Sea,1019
2015-05,ASIA,Malaysia,Sea,4169
2015-05,ASIA,Thailand,Sea,672
2015-05,ASIA,Philippines,Sea,2719
2015-05,ASIA,South Korea,Sea,5962
2015-05,ASIA,Hong Kong SAR,Sea,753
2015-05,ASIA,China,Land,30910
2015-05,ASIA,India,Land,15709
2015-05,ASIA,Japan,Land,5880
2015-05,ASIA,Taiwan,Land,6074
2015-05,ASIA,Vietnam,Land,4824
2015-05,ASIA,Malaysia,Land,16298
2015-05,ASIA,Thailand,Land,6419
2015-05,ASIA,Philippines,Land,14901
2015-05,ASIA,South Korea,Land,5088
2015-05,ASIA,Hong Kong SAR,Land,6307
2015-05,ASIA,ASEAN,Air,360198
2015-05,ASIA,ASEAN,Land,67560
2015-05,ASIA,ASEAN,Sea,84316
2015-05,ASIA,Indonesia,Air,139552
2015-05,ASIA,Indonesia,Land,23849
2015-05,ASIA,Indonesia,Sea,75287
2015-06,ASIA,China,Air,112783
2015-06,ASIA,India,Air,80993
2015-06,ASIA,Japan,Air,44727
2015-06,ASIA,Taiwan,Air,22998
2015-06,ASIA,Vietnam,Air,38188
2015-06,ASIA,Malaysia,Air,81803
2015-06,ASIA,Thailand,Air,34155
2015-06,ASIA,Philippines,Air,42449
2015-06,ASIA,South Korea,Air,29177
2015-06,ASIA,Hong Kong SAR,Air,37667
2015-06,ASIA,China,Sea,3965
2015-06,ASIA,India,Sea,12230
2015-06,ASIA,Japan,Sea,2042
2015-06,ASIA,Taiwan,Sea,617
2015-06,ASIA,Vietnam,Sea,1283
2015-06,ASIA,Malaysia,Sea,4344
2015-06,ASIA,Thailand,Sea,742
2015-06,ASIA,Philippines,Sea,2222
2015-06,ASIA,South Korea,Sea,4173
2015-06,ASIA,Hong Kong SAR,Sea,776
2015-06,ASIA,China,Land,27785
2015-06,ASIA,India,Land,8550
2015-06,ASIA,Japan,Land,6488
2015-06,ASIA,Taiwan,Land,6950
2015-06,ASIA,Vietnam,Land,6019
2015-06,ASIA,Malaysia,Land,13927
2015-06,ASIA,Thailand,Land,5224
2015-06,ASIA,Philippines,Land,8658
2015-06,ASIA,South Korea,Land,3843
2015-06,ASIA,Hong Kong SAR,Land,7010
2015-06,ASIA,ASEAN,Air,357057
2015-06,ASIA,ASEAN,Land,59320
2015-06,ASIA,ASEAN,Sea,80015
2015-06,ASIA,Indonesia,Air,142925
2015-06,ASIA,Indonesia,Land,24458
2015-06,ASIA,Indonesia,Sea,71020
2015-07,ASIA,China,Air,200210
2015-07,ASIA,India,Air,68876
2015-07,ASIA,Japan,Air,58168
2015-07,ASIA,Taiwan,Air,35292
2015-07,ASIA,Vietnam,Air,45043
2015-07,ASIA,Malaysia,Air,81555
2015-07,ASIA,Thailand,Air,39672
2015-07,ASIA,Philippines,Air,40891
2015-07,ASIA,South Korea,Air,39151
2015-07,ASIA,Hong Kong SAR,Air,59901
2015-07,ASIA,China,Sea,9275
2015-07,ASIA,India,Sea,9385
2015-07,ASIA,Japan,Sea,3889
2015-07,ASIA,Taiwan,Sea,765
2015-07,ASIA,Vietnam,Sea,1634
2015-07,ASIA,Malaysia,Sea,4122
2015-07,ASIA,Thailand,Sea,497
2015-07,ASIA,Philippines,Sea,1992
2015-07,ASIA,South Korea,Sea,4123
2015-07,ASIA,Hong Kong SAR,Sea,1332
2015-07,ASIA,China,Land,37334
2015-07,ASIA,India,Land,5545
2015-07,ASIA,Japan,Land,5625
2015-07,ASIA,Taiwan,Land,14221
2015-07,ASIA,Vietnam,Land,8034
2015-07,ASIA,Malaysia,Land,16670
2015-07,ASIA,Thailand,Land,5560
2015-07,ASIA,Philippines,Land,6841
2015-07,ASIA,South Korea,Land,5101
2015-07,ASIA,Hong Kong SAR,Land,21584
2015-07,ASIA,ASEAN,Air,400192
2015-07,ASIA,ASEAN,Land,77366
2015-07,ASIA,ASEAN,Sea,102012
2015-07,ASIA,Indonesia,Air,173389
2015-07,ASIA,Indonesia,Land,38836
2015-07,ASIA,Indonesia,Sea,93375
2015-08,ASIA,China,Air,206666
2015-08,ASIA,India,Air,66108
2015-08,ASIA,Japan,Air,80922
2015-08,ASIA,Taiwan,Air,31826
2015-08,ASIA,Vietnam,Air,32747
2015-08,ASIA,Malaysia,Air,70125
2015-08,ASIA,Thailand,Air,34232
2015-08,ASIA,Philippines,Air,43265
2015-08,ASIA,South Korea,Air,46883
2015-08,ASIA,Hong Kong SAR,Air,61067
2015-08,ASIA,China,Sea,11962
2015-08,ASIA,India,Sea,5669
2015-08,ASIA,Japan,Sea,4290
2015-08,ASIA,Taiwan,Sea,854
2015-08,ASIA,Vietnam,Sea,1051
2015-08,ASIA,Malaysia,Sea,4245
2015-08,ASIA,Thailand,Sea,530
2015-08,ASIA,Philippines,Sea,2154
2015-08,ASIA,South Korea,Sea,6340
2015-08,ASIA,Hong Kong SAR,Sea,1382
2015-08,ASIA,China,Land,48494
2015-08,ASIA,India,Land,5360
2015-08,ASIA,Japan,Land,7581
2015-08,ASIA,Taiwan,Land,12612
2015-08,ASIA,Vietnam,Land,5721
2015-08,ASIA,Malaysia,Land,14464
2015-08,ASIA,Thailand,Land,4817
2015-08,ASIA,Philippines,Land,7578
2015-08,ASIA,South Korea,Land,7245
2015-08,ASIA,Hong Kong SAR,Land,26987
2015-08,ASIA,ASEAN,Air,320412
2015-08,ASIA,ASEAN,Land,50569
2015-08,ASIA,ASEAN,Sea,73156
2015-08,ASIA,Indonesia,Air,124121
2015-08,ASIA,Indonesia,Land,16797
2015-08,ASIA,Indonesia,Sea,64753
2015-09,ASIA,China,Air,118724
2015-09,ASIA,India,Air,59398
2015-09,ASIA,Japan,Air,64608
2015-09,ASIA,Taiwan,Air,22800
2015-09,ASIA,Vietnam,Air,24834
2015-09,ASIA,Malaysia,Air,76485
2015-09,ASIA,Thailand,Air,34334
2015-09,ASIA,Philippines,Air,39648
2015-09,ASIA,South Korea,Air,30817
2015-09,ASIA,Hong Kong SAR,Air,35314
2015-09,ASIA,China,Sea,4621
2015-09,ASIA,India,Sea,5772
2015-09,ASIA,Japan,Sea,2399
2015-09,ASIA,Taiwan,Sea,565
2015-09,ASIA,Vietnam,Sea,662
2015-09,ASIA,Malaysia,Sea,4191
2015-09,ASIA,Thailand,Sea,536
2015-09,ASIA,Philippines,Sea,2208
2015-09,ASIA,South Korea,Sea,4308
2015-09,ASIA,Hong Kong SAR,Sea,691
2015-09,ASIA,China,Land,26584
2015-09,ASIA,India,Land,4676
2015-09,ASIA,Japan,Land,6965
2015-09,ASIA,Taiwan,Land,4471
2015-09,ASIA,Vietnam,Land,2786
2015-09,ASIA,Malaysia,Land,12658
2015-09,ASIA,Thailand,Land,4697
2015-09,ASIA,Philippines,Land,6353
2015-09,ASIA,South Korea,Land,3938
2015-09,ASIA,Hong Kong SAR,Land,4310
2015-09,ASIA,ASEAN,Air,308424
2015-09,ASIA,ASEAN,Land,40222
2015-09,ASIA,ASEAN,Sea,65509
2015-09,ASIA,Indonesia,Air,117274
2015-09,ASIA,Indonesia,Land,12763
2015-09,ASIA,Indonesia,Sea,57592
2015-10,ASIA,China,Air,128781
2015-10,ASIA,India,Air,71514
2015-10,ASIA,Japan,Air,56094
2015-10,ASIA,Taiwan,Air,22454
2015-10,ASIA,Vietnam,Air,26213
2015-10,ASIA,Malaysia,Air,71584
2015-10,ASIA,Thailand,Air,53351
2015-10,ASIA,Philippines,Air,46803
2015-10,ASIA,South Korea,Air,36917
2015-10,ASIA,Hong Kong SAR,Air,34909
2015-10,ASIA,China,Sea,6208
2015-10,ASIA,India,Sea,7903
2015-10,ASIA,Japan,Sea,1819
2015-10,ASIA,Taiwan,Sea,669
2015-10,ASIA,Vietnam,Sea,1081
2015-10,ASIA,Malaysia,Sea,3406
2015-10,ASIA,Thailand,Sea,605
2015-10,ASIA,Philippines,Sea,3144
2015-10,ASIA,South Korea,Sea,7314
2015-10,ASIA,Hong Kong SAR,Sea,839
2015-10,ASIA,China,Land,30660
2015-10,ASIA,India,Land,7232
2015-10,ASIA,Japan,Land,8503
2015-10,ASIA,Taiwan,Land,4402
2015-10,ASIA,Vietnam,Land,3392
2015-10,ASIA,Malaysia,Land,13348
2015-10,ASIA,Thailand,Land,9737
2015-10,ASIA,Philippines,Land,8410
2015-10,ASIA,South Korea,Land,6351
2015-10,ASIA,Hong Kong SAR,Land,5524
2015-10,ASIA,ASEAN,Air,340931
2015-10,ASIA,ASEAN,Land,52617
2015-10,ASIA,ASEAN,Sea,71504
2015-10,ASIA,Indonesia,Air,125277
2015-10,ASIA,Indonesia,Land,16472
2015-10,ASIA,Indonesia,Sea,62825
2015-11,ASIA,China,Air,114796
2015-11,ASIA,India,Air,68609
2015-11,ASIA,Japan,Air,56081
2015-11,ASIA,Taiwan,Air,19368
2015-11,ASIA,Vietnam,Air,25102
2015-11,ASIA,Malaysia,Air,83877
2015-11,ASIA,Thailand,Air,32769
2015-11,ASIA,Philippines,Air,47550
2015-11,ASIA,South Korea,Air,32226
2015-11,ASIA,Hong Kong SAR,Air,31946
2015-11,ASIA,China,Sea,4485
2015-11,ASIA,India,Sea,11517
2015-11,ASIA,Japan,Sea,3268
2015-11,ASIA,Taiwan,Sea,943
2015-11,ASIA,Vietnam,Sea,1037
2015-11,ASIA,Malaysia,Sea,8254
2015-11,ASIA,Thailand,Sea,1309
2015-11,ASIA,Philippines,Sea,3160
2015-11,ASIA,South Korea,Sea,7251
2015-11,ASIA,Hong Kong SAR,Sea,1200
2015-11,ASIA,China,Land,39455
2015-11,ASIA,India,Land,8224
2015-11,ASIA,Japan,Land,8491
2015-11,ASIA,Taiwan,Land,3751
2015-11,ASIA,Vietnam,Land,3145
2015-11,ASIA,Malaysia,Land,14083
2015-11,ASIA,Thailand,Land,4498
2015-11,ASIA,Philippines,Land,9873
2015-11,ASIA,South Korea,Land,5511
2015-11,ASIA,Hong Kong SAR,Land,4095
2015-11,ASIA,ASEAN,Air,326055
2015-11,ASIA,ASEAN,Land,47778
2015-11,ASIA,ASEAN,Sea,81295
2015-11,ASIA,Indonesia,Air,118841
2015-11,ASIA,Indonesia,Land,14716
2015-11,ASIA,Indonesia,Sea,67130
2015-12,ASIA,China,Air,121981
2015-12,ASIA,India,Air,70113
2015-12,ASIA,Japan,Air,55295
2015-12,ASIA,Taiwan,Air,17664
2015-12,ASIA,Vietnam,Air,27128
2015-12,ASIA,Malaysia,Air,103065
2015-12,ASIA,Thailand,Air,38141
2015-12,ASIA,Philippines,Air,53700
2015-12,ASIA,South Korea,Air,32989
2015-12,ASIA,Hong Kong SAR,Air,35664
2015-12,ASIA,China,Sea,4578
2015-12,ASIA,India,Sea,10141
2015-12,ASIA,Japan,Sea,2993
2015-12,ASIA,Taiwan,Sea,898
2015-12,ASIA,Vietnam,Sea,884
2015-12,ASIA,Malaysia,Sea,10739
2015-12,ASIA,Thailand,Sea,1084
2015-12,ASIA,Philippines,Sea,3767
2015-12,ASIA,South Korea,Sea,5877
2015-12,ASIA,Hong Kong SAR,Sea,1470
2015-12,ASIA,China,Land,42272
2015-12,ASIA,India,Land,7696
2015-12,ASIA,Japan,Land,8431
2015-12,ASIA,Taiwan,Land,3741
2015-12,ASIA,Vietnam,Land,2147
2015-12,ASIA,Malaysia,Land,16747
2015-12,ASIA,Thailand,Land,6216
2015-12,ASIA,Philippines,Land,10647
2015-12,ASIA,South Korea,Land,5955
2015-12,ASIA,Hong Kong SAR,Land,8719
2015-12,ASIA,ASEAN,Air,411079
2015-12,ASIA,ASEAN,Land,70582
2015-12,ASIA,ASEAN,Sea,131252
2015-12,ASIA,Indonesia,Air,165565
2015-12,ASIA,Indonesia,Land,31891
2015-12,ASIA,Indonesia,Sea,114019
2013-01,EUROPE,UK,Air,37849
2013-01,EUROPE,France,Air,10984
2013-01,EUROPE,Germany,Air,17022
2013-01,EUROPE,Netherlands,Air,6036
2013-01,EUROPE,Russian Federation,Air,11091
2013-01,EUROPE,UK,Sea,2499
2013-01,EUROPE,France,Sea,1008
2013-01,EUROPE,Germany,Sea,4459
2013-01,EUROPE,Netherlands,Sea,490
2013-01,EUROPE,Russian Federation,Sea,812
2013-01,EUROPE,UK,Land,2625
2013-01,EUROPE,France,Land,806
2013-01,EUROPE,Germany,Land,1356
2013-01,EUROPE,Netherlands,Land,627
2013-01,EUROPE,Russian Federation,Land,294
2013-01,EUROPE,Scandinavia,Air,12210
2013-01,EUROPE,Scandinavia,Land,1004
2013-01,EUROPE,Scandinavia,Sea,805
2013-02,EUROPE,UK,Air,36973
2013-02,EUROPE,France,Air,11302
2013-02,EUROPE,Germany,Air,17211
2013-02,EUROPE,Netherlands,Air,5668
2013-02,EUROPE,Russian Federation,Air,6055
2013-02,EUROPE,UK,Sea,4586
2013-02,EUROPE,France,Sea,494
2013-02,EUROPE,Germany,Sea,4363
2013-02,EUROPE,Netherlands,Sea,873
2013-02,EUROPE,Russian Federation,Sea,239
2013-02,EUROPE,UK,Land,3030
2013-02,EUROPE,France,Land,825
2013-02,EUROPE,Germany,Land,1479
2013-02,EUROPE,Netherlands,Land,557
2013-02,EUROPE,Russian Federation,Land,188
2013-02,EUROPE,Scandinavia,Air,10872
2013-02,EUROPE,Scandinavia,Land,1096
2013-02,EUROPE,Scandinavia,Sea,669
2013-03,EUROPE,UK,Air,42913
2013-03,EUROPE,France,Air,13800
2013-03,EUROPE,Germany,Air,22107
2013-03,EUROPE,Netherlands,Air,5707
2013-03,EUROPE,Russian Federation,Air,7273
2013-03,EUROPE,UK,Sea,6116
2013-03,EUROPE,France,Sea,1142
2013-03,EUROPE,Germany,Sea,7236
2013-03,EUROPE,Netherlands,Sea,1189
2013-03,EUROPE,Russian Federation,Sea,371
2013-03,EUROPE,UK,Land,3479
2013-03,EUROPE,France,Land,1178
2013-03,EUROPE,Germany,Land,1964
2013-03,EUROPE,Netherlands,Land,580
2013-03,EUROPE,Russian Federation,Land,229
2013-03,EUROPE,Scandinavia,Air,11134
2013-03,EUROPE,Scandinavia,Land,1735
2013-03,EUROPE,Scandinavia,Sea,956
2013-04,EUROPE,UK,Air,32247
2013-04,EUROPE,France,Air,11914
2013-04,EUROPE,Germany,Air,15774
2013-04,EUROPE,Netherlands,Air,5118
2013-04,EUROPE,Russian Federation,Air,5891
2013-04,EUROPE,UK,Sea,3186
2013-04,EUROPE,France,Sea,433
2013-04,EUROPE,Germany,Sea,1191
2013-04,EUROPE,Netherlands,Sea,351
2013-04,EUROPE,Russian Federation,Sea,391
2013-04,EUROPE,UK,Land,3172
2013-04,EUROPE,France,Land,1056
2013-04,EUROPE,Germany,Land,1529
2013-04,EUROPE,Netherlands,Land,422
2013-04,EUROPE,Russian Federation,Land,217
2013-04,EUROPE,Scandinavia,Air,7133
2013-04,EUROPE,Scandinavia,Land,825
2013-04,EUROPE,Scandinavia,Sea,507
2013-05,EUROPE,UK,Air,24139
2013-05,EUROPE,France,Air,10656
2013-05,EUROPE,Germany,Air,12960
2013-05,EUROPE,Netherlands,Air,4927
2013-05,EUROPE,Russian Federation,Air,5105
2013-05,EUROPE,UK,Sea,1227
2013-05,EUROPE,France,Sea,655
2013-05,EUROPE,Germany,Sea,1550
2013-05,EUROPE,Netherlands,Sea,315
2013-05,EUROPE,Russian Federation,Sea,266
2013-05,EUROPE,UK,Land,2348
2013-05,EUROPE,France,Land,1121
2013-05,EUROPE,Germany,Land,1253
2013-05,EUROPE,Netherlands,Land,674
2013-05,EUROPE,Russian Federation,Land,195
2013-05,EUROPE,Scandinavia,Air,4974
2013-05,EUROPE,Scandinavia,Land,531
2013-05,EUROPE,Scandinavia,Sea,289
2013-06,EUROPE,UK,Air,24874
2013-06,EUROPE,France,Air,8138
2013-06,EUROPE,Germany,Air,11877
2013-06,EUROPE,Netherlands,Air,4884
2013-06,EUROPE,Russian Federation,Air,3879
2013-06,EUROPE,UK,Sea,1746
2013-06,EUROPE,France,Sea,391
2013-06,EUROPE,Germany,Sea,487
2013-06,EUROPE,Netherlands,Sea,282
2013-06,EUROPE,Russian Federation,Sea,235
2013-06,EUROPE,UK,Land,2235
2013-06,EUROPE,France,Land,820
2013-06,EUROPE,Germany,Land,1089
2013-06,EUROPE,Netherlands,Land,495
2013-06,EUROPE,Russian Federation,Land,150
2013-06,EUROPE,Scandinavia,Air,5711
2013-06,EUROPE,Scandinavia,Land,586
2013-06,EUROPE,Scandinavia,Sea,274
2013-07,EUROPE,UK,Air,31176
2013-07,EUROPE,France,Air,13630
2013-07,EUROPE,Germany,Air,16232
2013-07,EUROPE,Netherlands,Air,8145
2013-07,EUROPE,Russian Federation,Air,4481
2013-07,EUROPE,UK,Sea,975
2013-07,EUROPE,France,Sea,369
2013-07,EUROPE,Germany,Sea,429
2013-07,EUROPE,Netherlands,Sea,339
2013-07,EUROPE,Russian Federation,Sea,139
2013-07,EUROPE,UK,Land,3189
2013-07,EUROPE,France,Land,1467
2013-07,EUROPE,Germany,Land,1601
2013-07,EUROPE,Netherlands,Land,1107
2013-07,EUROPE,Russian Federation,Land,164
2013-07,EUROPE,Scandinavia,Air,8355
2013-07,EUROPE,Scandinavia,Land,1174
2013-07,EUROPE,Scandinavia,Sea,354
2013-08,EUROPE,UK,Air,33808
2013-08,EUROPE,France,Air,18812
2013-08,EUROPE,Germany,Air,19215
2013-08,EUROPE,Netherlands,Air,7011
2013-08,EUROPE,Russian Federation,Air,4730
2013-08,EUROPE,UK,Sea,1594
2013-08,EUROPE,France,Sea,602
2013-08,EUROPE,Germany,Sea,607
2013-08,EUROPE,Netherlands,Sea,349
2013-08,EUROPE,Russian Federation,Sea,232
2013-08,EUROPE,UK,Land,4123
2013-08,EUROPE,France,Land,2462
2013-08,EUROPE,Germany,Land,2443
2013-08,EUROPE,Netherlands,Land,1208
2013-08,EUROPE,Russian Federation,Land,222
2013-08,EUROPE,Scandinavia,Air,5372
2013-08,EUROPE,Scandinavia,Land,665
2013-08,EUROPE,Scandinavia,Sea,280
2013-09,EUROPE,UK,Air,32608
2013-09,EUROPE,France,Air,9376
2013-09,EUROPE,Germany,Air,18672
2013-09,EUROPE,Netherlands,Air,5386
2013-09,EUROPE,Russian Federation,Air,4415
2013-09,EUROPE,UK,Sea,1155
2013-09,EUROPE,France,Sea,257
2013-09,EUROPE,Germany,Sea,560
2013-09,EUROPE,Netherlands,Sea,318
2013-09,EUROPE,Russian Federation,Sea,174
2013-09,EUROPE,UK,Land,2762
2013-09,EUROPE,France,Land,875
2013-09,EUROPE,Germany,Land,1780
2013-09,EUROPE,Netherlands,Land,568
2013-09,EUROPE,Russian Federation,Land,137
2013-09,EUROPE,Scandinavia,Air,5444
2013-09,EUROPE,Scandinavia,Land,448
2013-09,EUROPE,Scandinavia,Sea,274
2013-10,EUROPE,UK,Air,31597
2013-10,EUROPE,France,Air,10978
2013-10,EUROPE,Germany,Air,19400
2013-10,EUROPE,Netherlands,Air,5834
2013-10,EUROPE,Russian Federation,Air,6199
2013-10,EUROPE,UK,Sea,2414
2013-10,EUROPE,France,Sea,500
2013-10,EUROPE,Germany,Sea,943
2013-10,EUROPE,Netherlands,Sea,400
2013-10,EUROPE,Russian Federation,Sea,397
2013-10,EUROPE,UK,Land,2468
2013-10,EUROPE,France,Land,906
2013-10,EUROPE,Germany,Land,1416
2013-10,EUROPE,Netherlands,Land,498
2013-10,EUROPE,Russian Federation,Land,152
2013-10,EUROPE,Scandinavia,Air,7854
2013-10,EUROPE,Scandinavia,Land,712
2013-10,EUROPE,Scandinavia,Sea,567
2013-11,EUROPE,UK,Air,33818
2013-11,EUROPE,France,Air,10021
2013-11,EUROPE,Germany,Air,19104
2013-11,EUROPE,Netherlands,Air,5668
2013-11,EUROPE,Russian Federation,Air,7651
2013-11,EUROPE,UK,Sea,2999
2013-11,EUROPE,France,Sea,694
2013-11,EUROPE,Germany,Sea,784
2013-11,EUROPE,Netherlands,Sea,394
2013-11,EUROPE,Russian Federation,Sea,545
2013-11,EUROPE,UK,Land,2546
2013-11,EUROPE,France,Land,644
2013-11,EUROPE,Germany,Land,1325
2013-11,EUROPE,Netherlands,Land,506
2013-11,EUROPE,Russian Federation,Land,180
2013-11,EUROPE,Scandinavia,Air,7795
2013-11,EUROPE,Scandinavia,Land,624
2013-11,EUROPE,Scandinavia,Sea,640
2013-12,EUROPE,UK,Air,33564
2013-12,EUROPE,France,Air,10232
2013-12,EUROPE,Germany,Air,16263
2013-12,EUROPE,Netherlands,Air,4959
2013-12,EUROPE,Russian Federation,Air,8881
2013-12,EUROPE,UK,Sea,2632
2013-12,EUROPE,France,Sea,815
2013-12,EUROPE,Germany,Sea,4441
2013-12,EUROPE,Netherlands,Sea,495
2013-12,EUROPE,Russian Federation,Sea,307
2013-12,EUROPE,UK,Land,2787
2013-12,EUROPE,France,Land,650
2013-12,EUROPE,Germany,Land,1438
2013-12,EUROPE,Netherlands,Land,546
2013-12,EUROPE,Russian Federation,Land,247
2013-12,EUROPE,Scandinavia,Air,10100
2013-12,EUROPE,Scandinavia,Land,640
2013-12,EUROPE,Scandinavia,Sea,494
2014-01,EUROPE,UK,Air,37259
2014-01,EUROPE,France,Air,10528
2014-01,EUROPE,Germany,Air,18962
2014-01,EUROPE,Netherlands,Air,6244
2014-01,EUROPE,Russian Federation,Air,14407
2014-01,EUROPE,UK,Sea,2716
2014-01,EUROPE,France,Sea,751
2014-01,EUROPE,Germany,Sea,4846
2014-01,EUROPE,Netherlands,Sea,802
2014-01,EUROPE,Russian Federation,Sea,987
2014-01,EUROPE,UK,Land,2358
2014-01,EUROPE,France,Land,687
2014-01,EUROPE,Germany,Land,1368
2014-01,EUROPE,Netherlands,Land,594
2014-01,EUROPE,Russian Federation,Land,376
2014-01,EUROPE,Scandinavia,Air,12270
2014-01,EUROPE,Scandinavia,Land,902
2014-01,EUROPE,Scandinavia,Sea,890
2014-02,EUROPE,UK,Air,36555
2014-02,EUROPE,France,Air,12717
2014-02,EUROPE,Germany,Air,19788
2014-02,EUROPE,Netherlands,Air,5901
2014-02,EUROPE,Russian Federation,Air,8540
2014-02,EUROPE,UK,Sea,4550
2014-02,EUROPE,France,Sea,620
2014-02,EUROPE,Germany,Sea,4159
2014-02,EUROPE,Netherlands,Sea,1044
2014-02,EUROPE,Russian Federation,Sea,353
2014-02,EUROPE,UK,Land,2885
2014-02,EUROPE,France,Land,843
2014-02,EUROPE,Germany,Land,1475
2014-02,EUROPE,Netherlands,Land,513
2014-02,EUROPE,Russian Federation,Land,261
2014-02,EUROPE,Scandinavia,Air,10759
2014-02,EUROPE,Scandinavia,Land,947
2014-02,EUROPE,Scandinavia,Sea,959
2014-03,EUROPE,UK,Air,39547
2014-03,EUROPE,France,Air,13375
2014-03,EUROPE,Germany,Air,23036
2014-03,EUROPE,Netherlands,Air,6152
2014-03,EUROPE,Russian Federation,Air,8841
2014-03,EUROPE,UK,Sea,7072
2014-03,EUROPE,France,Sea,1200
2014-03,EUROPE,Germany,Sea,5883
2014-03,EUROPE,Netherlands,Sea,1240
2014-03,EUROPE,Russian Federation,Sea,415
2014-03,EUROPE,UK,Land,2834
2014-03,EUROPE,France,Land,1160
2014-03,EUROPE,Germany,Land,1887
2014-03,EUROPE,Netherlands,Land,577
2014-03,EUROPE,Russian Federation,Land,307
2014-03,EUROPE,Scandinavia,Air,9714
2014-03,EUROPE,Scandinavia,Land,983
2014-03,EUROPE,Scandinavia,Sea,755
2014-04,EUROPE,UK,Air,36698
2014-04,EUROPE,France,Air,12033
2014-04,EUROPE,Germany,Air,19035
2014-04,EUROPE,Netherlands,Air,5440
2014-04,EUROPE,Russian Federation,Air,6489
2014-04,EUROPE,UK,Sea,3604
2014-04,EUROPE,France,Sea,468
2014-04,EUROPE,Germany,Sea,1237
2014-04,EUROPE,Netherlands,Sea,458
2014-04,EUROPE,Russian Federation,Sea,250
2014-04,EUROPE,UK,Land,3402
2014-04,EUROPE,France,Land,1142
2014-04,EUROPE,Germany,Land,1853
2014-04,EUROPE,Netherlands,Land,619
2014-04,EUROPE,Russian Federation,Land,257
2014-04,EUROPE,Scandinavia,Air,8540
2014-04,EUROPE,Scandinavia,Land,968
2014-04,EUROPE,Scandinavia,Sea,755
2014-05,EUROPE,UK,Air,24579
2014-05,EUROPE,France,Air,10576
2014-05,EUROPE,Germany,Air,13768
2014-05,EUROPE,Netherlands,Air,4899
2014-05,EUROPE,Russian Federation,Air,5393
2014-05,EUROPE,UK,Sea,849
2014-05,EUROPE,France,Sea,377
2014-05,EUROPE,Germany,Sea,436
2014-05,EUROPE,Netherlands,Sea,411
2014-05,EUROPE,Russian Federation,Sea,189
2014-05,EUROPE,UK,Land,2233
2014-05,EUROPE,France,Land,1027
2014-05,EUROPE,Germany,Land,1221
2014-05,EUROPE,Netherlands,Land,578
2014-05,EUROPE,Russian Federation,Land,164
2014-05,EUROPE,Scandinavia,Air,4900
2014-05,EUROPE,Scandinavia,Land,533
2014-05,EUROPE,Scandinavia,Sea,462
2014-06,EUROPE,UK,Air,22071
2014-06,EUROPE,France,Air,8261
2014-06,EUROPE,Germany,Air,11828
2014-06,EUROPE,Netherlands,Air,4201
2014-06,EUROPE,Russian Federation,Air,4552
2014-06,EUROPE,UK,Sea,734
2014-06,EUROPE,France,Sea,234
2014-06,EUROPE,Germany,Sea,306
2014-06,EUROPE,Netherlands,Sea,229
2014-06,EUROPE,Russian Federation,Sea,147
2014-06,EUROPE,UK,Land,2321
2014-06,EUROPE,France,Land,793
2014-06,EUROPE,Germany,Land,1136
2014-06,EUROPE,Netherlands,Land,532
2014-06,EUROPE,Russian Federation,Land,175
2014-06,EUROPE,Scandinavia,Air,5165
2014-06,EUROPE,Scandinavia,Land,548
2014-06,EUROPE,Scandinavia,Sea,193
2014-07,EUROPE,UK,Air,28390
2014-07,EUROPE,France,Air,12450
2014-07,EUROPE,Germany,Air,15066
2014-07,EUROPE,Netherlands,Air,6905
2014-07,EUROPE,Russian Federation,Air,4824
2014-07,EUROPE,UK,Sea,911
2014-07,EUROPE,France,Sea,385
2014-07,EUROPE,Germany,Sea,415
2014-07,EUROPE,Netherlands,Sea,320
2014-07,EUROPE,Russian Federation,Sea,234
2014-07,EUROPE,UK,Land,2745
2014-07,EUROPE,France,Land,1570
2014-07,EUROPE,Germany,Land,1533
2014-07,EUROPE,Netherlands,Land,864
2014-07,EUROPE,Russian Federation,Land,222
2014-07,EUROPE,Scandinavia,Air,7930
2014-07,EUROPE,Scandinavia,Land,1097
2014-07,EUROPE,Scandinavia,Sea,310
2014-08,EUROPE,UK,Air,33371
2014-08,EUROPE,France,Air,17526
2014-08,EUROPE,Germany,Air,21642
2014-08,EUROPE,Netherlands,Air,7000
2014-08,EUROPE,Russian Federation,Air,5715
2014-08,EUROPE,UK,Sea,1208
2014-08,EUROPE,France,Sea,442
2014-08,EUROPE,Germany,Sea,533
2014-08,EUROPE,Netherlands,Sea,373
2014-08,EUROPE,Russian Federation,Sea,208
2014-08,EUROPE,UK,Land,3763
2014-08,EUROPE,France,Land,2573
2014-08,EUROPE,Germany,Land,2369
2014-08,EUROPE,Netherlands,Land,1168
2014-08,EUROPE,Russian Federation,Land,206
2014-08,EUROPE,Scandinavia,Air,5164
2014-08,EUROPE,Scandinavia,Land,523
2014-08,EUROPE,Scandinavia,Sea,246
2014-09,EUROPE,UK,Air,32421
2014-09,EUROPE,France,Air,9265
2014-09,EUROPE,Germany,Air,19497
2014-09,EUROPE,Netherlands,Air,5268
2014-09,EUROPE,Russian Federation,Air,5030
2014-09,EUROPE,UK,Sea,1187
2014-09,EUROPE,France,Sea,285
2014-09,EUROPE,Germany,Sea,558
2014-09,EUROPE,Netherlands,Sea,298
2014-09,EUROPE,Russian Federation,Sea,209
2014-09,EUROPE,UK,Land,2363
2014-09,EUROPE,France,Land,773
2014-09,EUROPE,Germany,Land,2101
2014-09,EUROPE,Netherlands,Land,461
2014-09,EUROPE,Russian Federation,Land,145
2014-09,EUROPE,Scandinavia,Air,5661
2014-09,EUROPE,Scandinavia,Land,430
2014-09,EUROPE,Scandinavia,Sea,274
2014-10,EUROPE,UK,Air,31979
2014-10,EUROPE,France,Air,11052
2014-10,EUROPE,Germany,Air,19706
2014-10,EUROPE,Netherlands,Air,5265
2014-10,EUROPE,Russian Federation,Air,5972
2014-10,EUROPE,UK,Sea,2657
2014-10,EUROPE,France,Sea,410
2014-10,EUROPE,Germany,Sea,804
2014-10,EUROPE,Netherlands,Sea,327
2014-10,EUROPE,Russian Federation,Sea,352
2014-10,EUROPE,UK,Land,2335
2014-10,EUROPE,France,Land,889
2014-10,EUROPE,Germany,Land,1395
2014-10,EUROPE,Netherlands,Land,459
2014-10,EUROPE,Russian Federation,Land,183
2014-10,EUROPE,Scandinavia,Air,7422
2014-10,EUROPE,Scandinavia,Land,567
2014-10,EUROPE,Scandinavia,Sea,424
2014-11,EUROPE,UK,Air,32906
2014-11,EUROPE,France,Air,10301
2014-11,EUROPE,Germany,Air,18906
2014-11,EUROPE,Netherlands,Air,5636
2014-11,EUROPE,Russian Federation,Air,6612
2014-11,EUROPE,UK,Sea,2843
2014-11,EUROPE,France,Sea,809
2014-11,EUROPE,Germany,Sea,1359
2014-11,EUROPE,Netherlands,Sea,357
2014-11,EUROPE,Russian Federation,Sea,450
2014-11,EUROPE,UK,Land,2160
2014-11,EUROPE,France,Land,652
2014-11,EUROPE,Germany,Land,1249
2014-11,EUROPE,Netherlands,Land,454
2014-11,EUROPE,Russian Federation,Land,184
2014-11,EUROPE,Scandinavia,Air,7412
2014-11,EUROPE,Scandinavia,Land,508
2014-11,EUROPE,Scandinavia,Sea,639
2014-12,EUROPE,UK,Air,32805
2014-12,EUROPE,France,Air,9546
2014-12,EUROPE,Germany,Air,15987
2014-12,EUROPE,Netherlands,Air,5192
2014-12,EUROPE,Russian Federation,Air,7320
2014-12,EUROPE,UK,Sea,3160
2014-12,EUROPE,France,Sea,521
2014-12,EUROPE,Germany,Sea,6813
2014-12,EUROPE,Netherlands,Sea,509
2014-12,EUROPE,Russian Federation,Sea,458
2014-12,EUROPE,UK,Land,2460
2014-12,EUROPE,France,Land,641
2014-12,EUROPE,Germany,Land,1356
2014-12,EUROPE,Netherlands,Land,521
2014-12,EUROPE,Russian Federation,Land,226
2014-12,EUROPE,Scandinavia,Air,9501
2014-12,EUROPE,Scandinavia,Land,645
2014-12,EUROPE,Scandinavia,Sea,460
2015-01,EUROPE,UK,Air,38226
2015-01,EUROPE,France,Air,10071
2015-01,EUROPE,Germany,Air,17614
2015-01,EUROPE,Netherlands,Air,5263
2015-01,EUROPE,Russian Federation,Air,10772
2015-01,EUROPE,UK,Sea,4390
2015-01,EUROPE,France,Sea,570
2015-01,EUROPE,Germany,Sea,5460
2015-01,EUROPE,Netherlands,Sea,691
2015-01,EUROPE,Russian Federation,Sea,1509
2015-01,EUROPE,UK,Land,2293
2015-01,EUROPE,France,Land,644
2015-01,EUROPE,Germany,Land,1455
2015-01,EUROPE,Netherlands,Land,451
2015-01,EUROPE,Russian Federation,Land,369
2015-01,EUROPE,Scandinavia,Air,11097
2015-01,EUROPE,Scandinavia,Land,729
2015-01,EUROPE,Scandinavia,Sea,768
2015-02,EUROPE,UK,Air,36903
2015-02,EUROPE,France,Air,12086
2015-02,EUROPE,Germany,Air,17995
2015-02,EUROPE,Netherlands,Air,5351
2015-02,EUROPE,Russian Federation,Air,4289
2015-02,EUROPE,UK,Sea,7662
2015-02,EUROPE,France,Sea,622
2015-02,EUROPE,Germany,Sea,5608
2015-02,EUROPE,Netherlands,Sea,937
2015-02,EUROPE,Russian Federation,Sea,366
2015-02,EUROPE,UK,Land,2481
2015-02,EUROPE,France,Land,882
2015-02,EUROPE,Germany,Land,1334
2015-02,EUROPE,Netherlands,Land,390
2015-02,EUROPE,Russian Federation,Land,206
2015-02,EUROPE,Scandinavia,Air,9559
2015-02,EUROPE,Scandinavia,Land,830
2015-02,EUROPE,Scandinavia,Sea,924
2015-03,EUROPE,UK,Air,42279
2015-03,EUROPE,France,Air,11340
2015-03,EUROPE,Germany,Air,23134
2015-03,EUROPE,Netherlands,Air,5716
2015-03,EUROPE,Russian Federation,Air,4678
2015-03,EUROPE,UK,Sea,5787
2015-03,EUROPE,France,Sea,690
2015-03,EUROPE,Germany,Sea,6345
2015-03,EUROPE,Netherlands,Sea,938
2015-03,EUROPE,Russian Federation,Sea,287
2015-03,EUROPE,UK,Land,2663
2015-03,EUROPE,France,Land,759
2015-03,EUROPE,Germany,Land,1989
2015-03,EUROPE,Netherlands,Land,473
2015-03,EUROPE,Russian Federation,Land,189
2015-03,EUROPE,Scandinavia,Air,9506
2015-03,EUROPE,Scandinavia,Land,834
2015-03,EUROPE,Scandinavia,Sea,725
2015-04,EUROPE,UK,Air,34294
2015-04,EUROPE,France,Air,11506
2015-04,EUROPE,Germany,Air,16792
2015-04,EUROPE,Netherlands,Air,4949
2015-04,EUROPE,Russian Federation,Air,3989
2015-04,EUROPE,UK,Sea,2786
2015-04,EUROPE,France,Sea,736
2015-04,EUROPE,Germany,Sea,1583
2015-04,EUROPE,Netherlands,Sea,580
2015-04,EUROPE,Russian Federation,Sea,214
2015-04,EUROPE,UK,Land,2728
2015-04,EUROPE,France,Land,893
2015-04,EUROPE,Germany,Land,1711
2015-04,EUROPE,Netherlands,Land,460
2015-04,EUROPE,Russian Federation,Land,168
2015-04,EUROPE,Scandinavia,Air,6860
2015-04,EUROPE,Scandinavia,Land,804
2015-04,EUROPE,Scandinavia,Sea,427
2015-05,EUROPE,UK,Air,25035
2015-05,EUROPE,France,Air,10323
2015-05,EUROPE,Germany,Air,14606
2015-05,EUROPE,Netherlands,Air,4963
2015-05,EUROPE,Russian Federation,Air,4126
2015-05,EUROPE,UK,Sea,1088
2015-05,EUROPE,France,Sea,427
2015-05,EUROPE,Germany,Sea,387
2015-05,EUROPE,Netherlands,Sea,302
2015-05,EUROPE,Russian Federation,Sea,225
2015-05,EUROPE,UK,Land,1990
2015-05,EUROPE,France,Land,936
2015-05,EUROPE,Germany,Land,1273
2015-05,EUROPE,Netherlands,Land,532
2015-05,EUROPE,Russian Federation,Land,172
2015-05,EUROPE,Scandinavia,Air,4420
2015-05,EUROPE,Scandinavia,Land,445
2015-05,EUROPE,Scandinavia,Sea,259
2015-06,EUROPE,UK,Air,21932
2015-06,EUROPE,France,Air,7930
2015-06,EUROPE,Germany,Air,11969
2015-06,EUROPE,Netherlands,Air,3881
2015-06,EUROPE,Russian Federation,Air,3362
2015-06,EUROPE,UK,Sea,1589
2015-06,EUROPE,France,Sea,319
2015-06,EUROPE,Germany,Sea,589
2015-06,EUROPE,Netherlands,Sea,284
2015-06,EUROPE,Russian Federation,Sea,155
2015-06,EUROPE,UK,Land,2012
2015-06,EUROPE,France,Land,720
2015-06,EUROPE,Germany,Land,1102
2015-06,EUROPE,Netherlands,Land,388
2015-06,EUROPE,Russian Federation,Land,127
2015-06,EUROPE,Scandinavia,Air,5259
2015-06,EUROPE,Scandinavia,Land,438
2015-06,EUROPE,Scandinavia,Sea,289
2015-07,EUROPE,UK,Air,32938
2015-07,EUROPE,France,Air,14846
2015-07,EUROPE,Germany,Air,16818
2015-07,EUROPE,Netherlands,Air,8210
2015-07,EUROPE,Russian Federation,Air,3725
2015-07,EUROPE,UK,Sea,922
2015-07,EUROPE,France,Sea,436
2015-07,EUROPE,Germany,Sea,386
2015-07,EUROPE,Netherlands,Sea,333
2015-07,EUROPE,Russian Federation,Sea,178
2015-07,EUROPE,UK,Land,2768
2015-07,EUROPE,France,Land,1644
2015-07,EUROPE,Germany,Land,1611
2015-07,EUROPE,Netherlands,Land,821
2015-07,EUROPE,Russian Federation,Land,168
2015-07,EUROPE,Scandinavia,Air,8955
2015-07,EUROPE,Scandinavia,Land,1251
2015-07,EUROPE,Scandinavia,Sea,365
2015-08,EUROPE,UK,Air,35677
2015-08,EUROPE,France,Air,19040
2015-08,EUROPE,Germany,Air,23607
2015-08,EUROPE,Netherlands,Air,6581
2015-08,EUROPE,Russian Federation,Air,4218
2015-08,EUROPE,UK,Sea,1512
2015-08,EUROPE,France,Sea,556
2015-08,EUROPE,Germany,Sea,676
2015-08,EUROPE,Netherlands,Sea,349
2015-08,EUROPE,Russian Federation,Sea,181
2015-08,EUROPE,UK,Land,3879
2015-08,EUROPE,France,Land,2645
2015-08,EUROPE,Germany,Land,2501
2015-08,EUROPE,Netherlands,Land,1110
2015-08,EUROPE,Russian Federation,Land,219
2015-08,EUROPE,Scandinavia,Air,5257
2015-08,EUROPE,Scandinavia,Land,528
2015-08,EUROPE,Scandinavia,Sea,300
2015-09,EUROPE,UK,Air,33600
2015-09,EUROPE,France,Air,8793
2015-09,EUROPE,Germany,Air,19849
2015-09,EUROPE,Netherlands,Air,5047
2015-09,EUROPE,Russian Federation,Air,3488
2015-09,EUROPE,UK,Sea,1639
2015-09,EUROPE,France,Sea,319
2015-09,EUROPE,Germany,Sea,541
2015-09,EUROPE,Netherlands,Sea,273
2015-09,EUROPE,Russian Federation,Sea,141
2015-09,EUROPE,UK,Land,2122
2015-09,EUROPE,France,Land,704
2015-09,EUROPE,Germany,Land,1913
2015-09,EUROPE,Netherlands,Land,441
2015-09,EUROPE,Russian Federation,Land,96
2015-09,EUROPE,Scandinavia,Air,5514
2015-09,EUROPE,Scandinavia,Land,348
2015-09,EUROPE,Scandinavia,Sea,282
2015-10,EUROPE,UK,Air,35724
2015-10,EUROPE,France,Air,11980
2015-10,EUROPE,Germany,Air,21875
2015-10,EUROPE,Netherlands,Air,5749
2015-10,EUROPE,Russian Federation,Air,4524
2015-10,EUROPE,UK,Sea,3104
2015-10,EUROPE,France,Sea,534
2015-10,EUROPE,Germany,Sea,1362
2015-10,EUROPE,Netherlands,Sea,401
2015-10,EUROPE,Russian Federation,Sea,255
2015-10,EUROPE,UK,Land,2024
2015-10,EUROPE,France,Land,820
2015-10,EUROPE,Germany,Land,1481
2015-10,EUROPE,Netherlands,Land,407
2015-10,EUROPE,Russian Federation,Land,121
2015-10,EUROPE,Scandinavia,Air,7986
2015-10,EUROPE,Scandinavia,Land,578
2015-10,EUROPE,Scandinavia,Sea,454
2015-11,EUROPE,UK,Air,35232
2015-11,EUROPE,France,Air,10922
2015-11,EUROPE,Germany,Air,21239
2015-11,EUROPE,Netherlands,Air,5833
2015-11,EUROPE,Russian Federation,Air,5023
2015-11,EUROPE,UK,Sea,4823
2015-11,EUROPE,France,Sea,756
2015-11,EUROPE,Germany,Sea,5359
2015-11,EUROPE,Netherlands,Sea,432
2015-11,EUROPE,Russian Federation,Sea,332
2015-11,EUROPE,UK,Land,1967
2015-11,EUROPE,France,Land,591
2015-11,EUROPE,Germany,Land,1396
2015-11,EUROPE,Netherlands,Land,362
2015-11,EUROPE,Russian Federation,Land,163
2015-11,EUROPE,Scandinavia,Air,8147
2015-11,EUROPE,Scandinavia,Land,497
2015-11,EUROPE,Scandinavia,Sea,705
2015-12,EUROPE,UK,Air,34063
2015-12,EUROPE,France,Air,10190
2015-12,EUROPE,Germany,Air,20669
2015-12,EUROPE,Netherlands,Air,5158
2015-12,EUROPE,Russian Federation,Air,5398
2015-12,EUROPE,UK,Sea,3628
2015-12,EUROPE,France,Sea,573
2015-12,EUROPE,Germany,Sea,13302
2015-12,EUROPE,Netherlands,Sea,570
2015-12,EUROPE,Russian Federation,Sea,275
2015-12,EUROPE,UK,Land,2050
2015-12,EUROPE,France,Land,680
2015-12,EUROPE,Germany,Land,1201
2015-12,EUROPE,Netherlands,Land,426
2015-12,EUROPE,Russian Federation,Land,134
2015-12,EUROPE,Scandinavia,Air,9136
2015-12,EUROPE,Scandinavia,Land,621
2015-12,EUROPE,Scandinavia,Sea,504
2013-01,OCEANIA,Australia,Air,107350
2013-01,OCEANIA,New Zealand,Air,10782
2013-01,OCEANIA,Australia,Sea,4954
2013-01,OCEANIA,New Zealand,Sea,412
2013-01,OCEANIA,Australia,Land,7288
2013-01,OCEANIA,New Zealand,Land,714
2013-02,OCEANIA,Australia,Air,63073
2013-02,OCEANIA,New Zealand,Air,5242
2013-02,OCEANIA,Australia,Sea,2448
2013-02,OCEANIA,New Zealand,Sea,168
2013-02,OCEANIA,Australia,Land,3949
2013-02,OCEANIA,New Zealand,Land,325
2013-03,OCEANIA,Australia,Air,76469
2013-03,OCEANIA,New Zealand,Air,6425
2013-03,OCEANIA,Australia,Sea,7165
2013-03,OCEANIA,New Zealand,Sea,310
2013-03,OCEANIA,Australia,Land,4018
2013-03,OCEANIA,New Zealand,Land,352
2013-04,OCEANIA,Australia,Air,83863
2013-04,OCEANIA,New Zealand,Air,8158
2013-04,OCEANIA,Australia,Sea,5259
2013-04,OCEANIA,New Zealand,Sea,426
2013-04,OCEANIA,Australia,Land,5163
2013-04,OCEANIA,New Zealand,Land,451
2013-05,OCEANIA,Australia,Air,75648
2013-05,OCEANIA,New Zealand,Air,9443
2013-05,OCEANIA,Australia,Sea,5447
2013-05,OCEANIA,New Zealand,Sea,401
2013-05,OCEANIA,Australia,Land,3349
2013-05,OCEANIA,New Zealand,Land,381
2013-06,OCEANIA,Australia,Air,85095
2013-06,OCEANIA,New Zealand,Air,9976
2013-06,OCEANIA,Australia,Sea,2497
2013-06,OCEANIA,New Zealand,Sea,238
2013-06,OCEANIA,Australia,Land,3639
2013-06,OCEANIA,New Zealand,Land,412
2013-07,OCEANIA,Australia,Air,102187
2013-07,OCEANIA,New Zealand,Air,13519
2013-07,OCEANIA,Australia,Sea,4641
2013-07,OCEANIA,New Zealand,Sea,569
2013-07,OCEANIA,Australia,Land,5915
2013-07,OCEANIA,New Zealand,Land,725
2013-08,OCEANIA,Australia,Air,73343
2013-08,OCEANIA,New Zealand,Air,9991
2013-08,OCEANIA,Australia,Sea,2006
2013-08,OCEANIA,New Zealand,Sea,254
2013-08,OCEANIA,Australia,Land,3872
2013-08,OCEANIA,New Zealand,Land,520
2013-09,OCEANIA,Australia,Air,95789
2013-09,OCEANIA,New Zealand,Air,10344
2013-09,OCEANIA,Australia,Sea,4064
2013-09,OCEANIA,New Zealand,Sea,260
2013-09,OCEANIA,Australia,Land,5326
2013-09,OCEANIA,New Zealand,Land,477
2013-10,OCEANIA,Australia,Air,87444
2013-10,OCEANIA,New Zealand,Air,9475
2013-10,OCEANIA,Australia,Sea,3814
2013-10,OCEANIA,New Zealand,Sea,313
2013-10,OCEANIA,Australia,Land,5196
2013-10,OCEANIA,New Zealand,Land,571
2013-11,OCEANIA,Australia,Air,70127
2013-11,OCEANIA,New Zealand,Air,7752
2013-11,OCEANIA,Australia,Sea,4342
2013-11,OCEANIA,New Zealand,Sea,297
2013-11,OCEANIA,Australia,Land,3855
2013-11,OCEANIA,New Zealand,Land,381
2013-12,OCEANIA,Australia,Air,95381
2013-12,OCEANIA,New Zealand,Air,9438
2013-12,OCEANIA,Australia,Sea,4098
2013-12,OCEANIA,New Zealand,Sea,339
2013-12,OCEANIA,Australia,Land,7105
2013-12,OCEANIA,New Zealand,Land,606
2014-01,OCEANIA,Australia,Air,109142
2014-01,OCEANIA,New Zealand,Air,10247
2014-01,OCEANIA,Australia,Sea,8288
2014-01,OCEANIA,New Zealand,Sea,382
2014-01,OCEANIA,Australia,Land,8689
2014-01,OCEANIA,New Zealand,Land,837
2014-02,OCEANIA,Australia,Air,61396
2014-02,OCEANIA,New Zealand,Air,6120
2014-02,OCEANIA,Australia,Sea,3465
2014-02,OCEANIA,New Zealand,Sea,206
2014-02,OCEANIA,Australia,Land,4258
2014-02,OCEANIA,New Zealand,Land,567
2014-03,OCEANIA,Australia,Air,64171
2014-03,OCEANIA,New Zealand,Air,6041
2014-03,OCEANIA,Australia,Sea,6460
2014-03,OCEANIA,New Zealand,Sea,447
2014-03,OCEANIA,Australia,Land,3947
2014-03,OCEANIA,New Zealand,Land,384
2014-04,OCEANIA,Australia,Air,85278
2014-04,OCEANIA,New Zealand,Air,8523
2014-04,OCEANIA,Australia,Sea,8523
2014-04,OCEANIA,New Zealand,Sea,445
2014-04,OCEANIA,Australia,Land,6010
2014-04,OCEANIA,New Zealand,Land,552
2014-05,OCEANIA,Australia,Air,72058
2014-05,OCEANIA,New Zealand,Air,9921
2014-05,OCEANIA,Australia,Sea,2841
2014-05,OCEANIA,New Zealand,Sea,424
2014-05,OCEANIA,Australia,Land,3381
2014-05,OCEANIA,New Zealand,Land,467
2014-06,OCEANIA,Australia,Air,76205
2014-06,OCEANIA,New Zealand,Air,10196
2014-06,OCEANIA,Australia,Sea,1430
2014-06,OCEANIA,New Zealand,Sea,143
2014-06,OCEANIA,Australia,Land,3923
2014-06,OCEANIA,New Zealand,Land,583
2014-07,OCEANIA,Australia,Air,95582
2014-07,OCEANIA,New Zealand,Air,12781
2014-07,OCEANIA,Australia,Sea,4323
2014-07,OCEANIA,New Zealand,Sea,411
2014-07,OCEANIA,Australia,Land,6736
2014-07,OCEANIA,New Zealand,Land,883
2014-08,OCEANIA,Australia,Air,75214
2014-08,OCEANIA,New Zealand,Air,10119
2014-08,OCEANIA,Australia,Sea,3227
2014-08,OCEANIA,New Zealand,Sea,279
2014-08,OCEANIA,Australia,Land,4007
2014-08,OCEANIA,New Zealand,Land,541
2014-09,OCEANIA,Australia,Air,89771
2014-09,OCEANIA,New Zealand,Air,9864
2014-09,OCEANIA,Australia,Sea,2349
2014-09,OCEANIA,New Zealand,Sea,327
2014-09,OCEANIA,Australia,Land,5522
2014-09,OCEANIA,New Zealand,Land,402
2014-10,OCEANIA,Australia,Air,77039
2014-10,OCEANIA,New Zealand,Air,8325
2014-10,OCEANIA,Australia,Sea,5499
2014-10,OCEANIA,New Zealand,Sea,379
2014-10,OCEANIA,Australia,Land,5027
2014-10,OCEANIA,New Zealand,Land,442
2014-11,OCEANIA,Australia,Air,65747
2014-11,OCEANIA,New Zealand,Air,6822
2014-11,OCEANIA,Australia,Sea,3549
2014-11,OCEANIA,New Zealand,Sea,268
2014-11,OCEANIA,Australia,Land,3966
2014-11,OCEANIA,New Zealand,Land,345
2014-12,OCEANIA,Australia,Air,85884
2014-12,OCEANIA,New Zealand,Air,9012
2014-12,OCEANIA,Australia,Sea,5566
2014-12,OCEANIA,New Zealand,Sea,391
2014-12,OCEANIA,Australia,Land,6405
2014-12,OCEANIA,New Zealand,Land,612
2015-01,OCEANIA,Australia,Air,95829
2015-01,OCEANIA,New Zealand,Air,10802
2015-01,OCEANIA,Australia,Sea,11700
2015-01,OCEANIA,New Zealand,Sea,752
2015-01,OCEANIA,Australia,Land,8055
2015-01,OCEANIA,New Zealand,Land,776
2015-02,OCEANIA,Australia,Air,54327
2015-02,OCEANIA,New Zealand,Air,5655
2015-02,OCEANIA,Australia,Sea,7208
2015-02,OCEANIA,New Zealand,Sea,323
2015-02,OCEANIA,Australia,Land,3474
2015-02,OCEANIA,New Zealand,Land,371
2015-03,OCEANIA,Australia,Air,61040
2015-03,OCEANIA,New Zealand,Air,7036
2015-03,OCEANIA,Australia,Sea,5653
2015-03,OCEANIA,New Zealand,Sea,484
2015-03,OCEANIA,Australia,Land,4015
2015-03,OCEANIA,New Zealand,Land,334
2015-04,OCEANIA,Australia,Air,70900
2015-04,OCEANIA,New Zealand,Air,8555
2015-04,OCEANIA,Australia,Sea,7381
2015-04,OCEANIA,New Zealand,Sea,430
2015-04,OCEANIA,Australia,Land,5216
2015-04,OCEANIA,New Zealand,Land,507
2015-05,OCEANIA,Australia,Air,64657
2015-05,OCEANIA,New Zealand,Air,9326
2015-05,OCEANIA,Australia,Sea,6109
2015-05,OCEANIA,New Zealand,Sea,385
2015-05,OCEANIA,Australia,Land,3199
2015-05,OCEANIA,New Zealand,Land,366
2015-06,OCEANIA,Australia,Air,75991
2015-06,OCEANIA,New Zealand,Air,10879
2015-06,OCEANIA,Australia,Sea,2845
2015-06,OCEANIA,New Zealand,Sea,285
2015-06,OCEANIA,Australia,Land,3919
2015-06,OCEANIA,New Zealand,Land,429
2015-07,OCEANIA,Australia,Air,89234
2015-07,OCEANIA,New Zealand,Air,13838
2015-07,OCEANIA,Australia,Sea,2135
2015-07,OCEANIA,New Zealand,Sea,289
2015-07,OCEANIA,Australia,Land,6214
2015-07,OCEANIA,New Zealand,Land,629
2015-08,OCEANIA,Australia,Air,73833
2015-08,OCEANIA,New Zealand,Air,11481
2015-08,OCEANIA,Australia,Sea,5524
2015-08,OCEANIA,New Zealand,Sea,530
2015-08,OCEANIA,Australia,Land,3706
2015-08,OCEANIA,New Zealand,Land,486
2015-09,OCEANIA,Australia,Air,87855
2015-09,OCEANIA,New Zealand,Air,11462
2015-09,OCEANIA,Australia,Sea,4260
2015-09,OCEANIA,New Zealand,Sea,475
2015-09,OCEANIA,Australia,Land,4956
2015-09,OCEANIA,New Zealand,Land,475
2015-10,OCEANIA,Australia,Air,83075
2015-10,OCEANIA,New Zealand,Air,10240
2015-10,OCEANIA,Australia,Sea,8125
2015-10,OCEANIA,New Zealand,Sea,591
2015-10,OCEANIA,Australia,Land,5140
2015-10,OCEANIA,New Zealand,Land,631
2015-11,OCEANIA,Australia,Air,67886
2015-11,OCEANIA,New Zealand,Air,8347
2015-11,OCEANIA,Australia,Sea,4845
2015-11,OCEANIA,New Zealand,Sea,334
2015-11,OCEANIA,Australia,Land,3638
2015-11,OCEANIA,New Zealand,Land,389
2015-12,OCEANIA,Australia,Air,87896
2015-12,OCEANIA,New Zealand,Air,8648
2015-12,OCEANIA,Australia,Sea,7738
2015-12,OCEANIA,New Zealand,Sea,490
2015-12,OCEANIA,Australia,Land,5990
2015-12,OCEANIA,New Zealand,Land,588
