month,mother_age,mother_race
2012-01,15  -  19,CHINESE
2012-01,15  -  19,CHINESE
2012-01,15  -  19,INDIANS
2012-01,15  -  19,INDIANS
2012-01,15  -  19,MALAYS
2012-01,15  -  19,MALAYS
2012-01,15  -  19,OTHERS
2012-01,20  -  24,CHINESE
2012-01,20  -  24,CHINESE
2012-01,20  -  24,INDIANS
2012-01,20  -  24,INDIANS
2012-01,20  -  24,MALAYS
2012-01,20  -  24,MALAYS
2012-01,20  -  24,OTHERS
2012-01,20  -  24,OTHERS
2012-01,25  -  29,CHINESE
2012-01,25  -  29,CHINESE
2012-01,25  -  29,INDIANS
2012-01,25  -  29,INDIANS
2012-01,25  -  29,MALAYS
2012-01,25  -  29,MALAYS
2012-01,25  -  29,OTHERS
2012-01,25  -  29,OTHERS
2012-01,30  -  34,CHINESE
2012-01,30  -  34,CHINESE
2012-01,30  -  34,INDIANS
2012-01,30  -  34,INDIANS
2012-01,30  -  34,MALAYS
2012-01,30  -  34,MALAYS
2012-01,30  -  34,OTHERS
2012-01,30  -  34,OTHERS
2012-01,35  -  39,CHINESE
2012-01,35  -  39,CHINESE
2012-01,35  -  39,INDIANS
2012-01,35  -  39,INDIANS
2012-01,35  -  39,MALAYS
2012-01,35  -  39,MALAYS
2012-01,35  -  39,OTHERS
2012-01,35  -  39,OTHERS
2012-01,40  -  44,CHINESE
2012-01,40  -  44,CHINESE
2012-01,40  -  44,INDIANS
2012-01,40  -  44,INDIANS
2012-01,40  -  44,MALAYS
2012-01,40  -  44,MALAYS
2012-01,40  -  44,OTHERS
2012-01,40  -  44,OTHERS
2012-01,45  -  49,CHINESE
2012-01,45  -  49,MALAYS
2012-01,45  -  49,OTHERS
2012-02,15  -  19,CHINESE
2012-02,15  -  19,CHINESE
2012-02,15  -  19,INDIANS
2012-02,15  -  19,MALAYS
2012-02,15  -  19,MALAYS
2012-02,15  -  19,OTHERS
2012-02,15  -  19,OTHERS
2012-02,20  -  24,CHINESE
2012-02,20  -  24,CHINESE
2012-02,20  -  24,INDIANS
2012-02,20  -  24,INDIANS
2012-02,20  -  24,MALAYS
2012-02,20  -  24,MALAYS
2012-02,20  -  24,OTHERS
2012-02,20  -  24,OTHERS
2012-02,25  -  29,CHINESE
2012-02,25  -  29,CHINESE
2012-02,25  -  29,INDIANS
2012-02,25  -  29,INDIANS
2012-02,25  -  29,MALAYS
2012-02,25  -  29,MALAYS
2012-02,25  -  29,OTHERS
2012-02,25  -  29,OTHERS
2012-02,30  -  34,CHINESE
2012-02,30  -  34,CHINESE
2012-02,30  -  34,INDIANS
2012-02,30  -  34,INDIANS
2012-02,30  -  34,MALAYS
2012-02,30  -  34,MALAYS
2012-02,30  -  34,OTHERS
2012-02,30  -  34,OTHERS
2012-02,35  -  39,CHINESE
2012-02,35  -  39,CHINESE
2012-02,35  -  39,INDIANS
2012-02,35  -  39,INDIANS
2012-02,35  -  39,MALAYS
2012-02,35  -  39,MALAYS
2012-02,35  -  39,OTHERS
2012-02,35  -  39,OTHERS
2012-02,40  -  44,CHINESE
2012-02,40  -  44,CHINESE
2012-02,40  -  44,INDIANS
2012-02,40  -  44,MALAYS
2012-02,40  -  44,MALAYS
2012-02,40  -  44,OTHERS
2012-02,40  -  44,OTHERS
2012-02,45  -  49,CHINESE
2012-02,45  -  49,MALAYS
2012-02,45  -  49,OTHERS
2012-02,Under 15,INDIANS
2012-03,15  -  19,CHINESE
2012-03,15  -  19,CHINESE
2012-03,15  -  19,INDIANS
2012-03,15  -  19,INDIANS
2012-03,15  -  19,MALAYS
2012-03,15  -  19,MALAYS
2012-03,20  -  24,CHINESE
2012-03,20  -  24,CHINESE
2012-03,20  -  24,INDIANS
2012-03,20  -  24,INDIANS
2012-03,20  -  24,MALAYS
2012-03,20  -  24,MALAYS
2012-03,20  -  24,OTHERS
2012-03,20  -  24,OTHERS
2012-03,25  -  29,CHINESE
2012-03,25  -  29,CHINESE
2012-03,25  -  29,INDIANS
2012-03,25  -  29,INDIANS
2012-03,25  -  29,MALAYS
2012-03,25  -  29,MALAYS
2012-03,25  -  29,OTHERS
2012-03,25  -  29,OTHERS
2012-03,30  -  34,CHINESE
2012-03,30  -  34,CHINESE
2012-03,30  -  34,INDIANS
2012-03,30  -  34,INDIANS
2012-03,30  -  34,MALAYS
2012-03,30  -  34,MALAYS
2012-03,30  -  34,OTHERS
2012-03,30  -  34,OTHERS
2012-03,35  -  39,CHINESE
2012-03,35  -  39,CHINESE
2012-03,35  -  39,INDIANS
2012-03,35  -  39,INDIANS
2012-03,35  -  39,MALAYS
2012-03,35  -  39,MALAYS
2012-03,35  -  39,OTHERS
2012-03,35  -  39,OTHERS
2012-03,40  -  44,CHINESE
2012-03,40  -  44,CHINESE
2012-03,40  -  44,INDIANS
2012-03,40  -  44,INDIANS
2012-03,40  -  44,MALAYS
2012-03,40  -  44,MALAYS
2012-03,40  -  44,OTHERS
2012-03,40  -  44,OTHERS
2012-03,45  -  49,CHINESE
2012-03,45  -  49,CHINESE
2012-03,45  -  49,MALAYS
2012-04,15  -  19,CHINESE
2012-04,15  -  19,CHINESE
2012-04,15  -  19,INDIANS
2012-04,15  -  19,MALAYS
2012-04,15  -  19,MALAYS
2012-04,15  -  19,OTHERS
2012-04,15  -  19,OTHERS
2012-04,20  -  24,CHINESE
2012-04,20  -  24,CHINESE
2012-04,20  -  24,INDIANS
2012-04,20  -  24,INDIANS
2012-04,20  -  24,MALAYS
2012-04,20  -  24,MALAYS
2012-04,20  -  24,OTHERS
2012-04,20  -  24,OTHERS
2012-04,25  -  29,CHINESE
2012-04,25  -  29,CHINESE
2012-04,25  -  29,INDIANS
2012-04,25  -  29,INDIANS
2012-04,25  -  29,MALAYS
2012-04,25  -  29,MALAYS
2012-04,25  -  29,OTHERS
2012-04,25  -  29,OTHERS
2012-04,30  -  34,CHINESE
2012-04,30  -  34,CHINESE
2012-04,30  -  34,INDIANS
2012-04,30  -  34,INDIANS
2012-04,30  -  34,MALAYS
2012-04,30  -  34,MALAYS
2012-04,30  -  34,OTHERS
2012-04,30  -  34,OTHERS
2012-04,35  -  39,CHINESE
2012-04,35  -  39,CHINESE
2012-04,35  -  39,INDIANS
2012-04,35  -  39,INDIANS
2012-04,35  -  39,MALAYS
2012-04,35  -  39,MALAYS
2012-04,35  -  39,OTHERS
2012-04,35  -  39,OTHERS
2012-04,40  -  44,CHINESE
2012-04,40  -  44,CHINESE
2012-04,40  -  44,INDIANS
2012-04,40  -  44,INDIANS
2012-04,40  -  44,MALAYS
2012-04,40  -  44,MALAYS
2012-04,40  -  44,OTHERS
2012-04,40  -  44,OTHERS
2012-04,45  -  49,CHINESE
2012-04,45  -  49,CHINESE
2012-04,Under 15,CHINESE
2012-05,15  -  19,CHINESE
2012-05,15  -  19,CHINESE
2012-05,15  -  19,INDIANS
2012-05,15  -  19,INDIANS
2012-05,15  -  19,MALAYS
2012-05,15  -  19,MALAYS
2012-05,15  -  19,OTHERS
2012-05,15  -  19,OTHERS
2012-05,20  -  24,CHINESE
2012-05,20  -  24,CHINESE
2012-05,20  -  24,INDIANS
2012-05,20  -  24,INDIANS
2012-05,20  -  24,MALAYS
2012-05,20  -  24,MALAYS
2012-05,20  -  24,OTHERS
2012-05,20  -  24,OTHERS
2012-05,25  -  29,CHINESE
2012-05,25  -  29,CHINESE
2012-05,25  -  29,INDIANS
2012-05,25  -  29,INDIANS
2012-05,25  -  29,MALAYS
2012-05,25  -  29,MALAYS
2012-05,25  -  29,OTHERS
2012-05,25  -  29,OTHERS
2012-05,30  -  34,CHINESE
2012-05,30  -  34,CHINESE
2012-05,30  -  34,INDIANS
2012-05,30  -  34,INDIANS
2012-05,30  -  34,MALAYS
2012-05,30  -  34,MALAYS
2012-05,30  -  34,OTHERS
2012-05,30  -  34,OTHERS
2012-05,35  -  39,CHINESE
2012-05,35  -  39,CHINESE
2012-05,35  -  39,INDIANS
2012-05,35  -  39,INDIANS
2012-05,35  -  39,MALAYS
2012-05,35  -  39,MALAYS
2012-05,35  -  39,OTHERS
2012-05,35  -  39,OTHERS
2012-05,40  -  44,CHINESE
2012-05,40  -  44,CHINESE
2012-05,40  -  44,INDIANS
2012-05,40  -  44,INDIANS
2012-05,40  -  44,MALAYS
2012-05,40  -  44,MALAYS
2012-05,40  -  44,OTHERS
2012-05,40  -  44,OTHERS
2012-05,45  -  49,CHINESE
2012-05,45  -  49,CHINESE
2012-06,15  -  19,CHINESE
2012-06,15  -  19,CHINESE
2012-06,15  -  19,INDIANS
2012-06,15  -  19,INDIANS
2012-06,15  -  19,MALAYS
2012-06,15  -  19,MALAYS
2012-06,15  -  19,OTHERS
2012-06,20  -  24,CHINESE
2012-06,20  -  24,CHINESE
2012-06,20  -  24,INDIANS
2012-06,20  -  24,INDIANS
2012-06,20  -  24,MALAYS
2012-06,20  -  24,MALAYS
2012-06,20  -  24,OTHERS
2012-06,20  -  24,OTHERS
2012-06,25  -  29,CHINESE
2012-06,25  -  29,CHINESE
2012-06,25  -  29,INDIANS
2012-06,25  -  29,INDIANS
2012-06,25  -  29,MALAYS
2012-06,25  -  29,MALAYS
2012-06,25  -  29,OTHERS
2012-06,25  -  29,OTHERS
2012-06,30  -  34,CHINESE
2012-06,30  -  34,CHINESE
2012-06,30  -  34,INDIANS
2012-06,30  -  34,INDIANS
2012-06,30  -  34,MALAYS
2012-06,30  -  34,MALAYS
2012-06,30  -  34,OTHERS
2012-06,30  -  34,OTHERS
2012-06,35  -  39,CHINESE
2012-06,35  -  39,CHINESE
2012-06,35  -  39,INDIANS
2012-06,35  -  39,INDIANS
2012-06,35  -  39,MALAYS
2012-06,35  -  39,MALAYS
2012-06,35  -  39,OTHERS
2012-06,35  -  39,OTHERS
2012-06,40  -  44,CHINESE
2012-06,40  -  44,CHINESE
2012-06,40  -  44,INDIANS
2012-06,40  -  44,INDIANS
2012-06,40  -  44,MALAYS
2012-06,40  -  44,MALAYS
2012-06,40  -  44,OTHERS
2012-06,40  -  44,OTHERS
2012-06,45  -  49,CHINESE
2012-06,45  -  49,CHINESE
2012-06,Under 15,CHINESE
2012-07,15  -  19,CHINESE
2012-07,15  -  19,CHINESE
2012-07,15  -  19,INDIANS
2012-07,15  -  19,INDIANS
2012-07,15  -  19,MALAYS
2012-07,15  -  19,MALAYS
2012-07,15  -  19,OTHERS
2012-07,15  -  19,OTHERS
2012-07,20  -  24,CHINESE
2012-07,20  -  24,CHINESE
2012-07,20  -  24,INDIANS
2012-07,20  -  24,INDIANS
2012-07,20  -  24,MALAYS
2012-07,20  -  24,MALAYS
2012-07,20  -  24,OTHERS
2012-07,20  -  24,OTHERS
2012-07,25  -  29,CHINESE
2012-07,25  -  29,CHINESE
2012-07,25  -  29,INDIANS
2012-07,25  -  29,INDIANS
2012-07,25  -  29,MALAYS
2012-07,25  -  29,MALAYS
2012-07,25  -  29,OTHERS
2012-07,25  -  29,OTHERS
2012-07,30  -  34,CHINESE
2012-07,30  -  34,CHINESE
2012-07,30  -  34,INDIANS
2012-07,30  -  34,INDIANS
2012-07,30  -  34,MALAYS
2012-07,30  -  34,MALAYS
2012-07,30  -  34,OTHERS
2012-07,30  -  34,OTHERS
2012-07,35  -  39,CHINESE
2012-07,35  -  39,CHINESE
2012-07,35  -  39,INDIANS
2012-07,35  -  39,INDIANS
2012-07,35  -  39,MALAYS
2012-07,35  -  39,MALAYS
2012-07,35  -  39,OTHERS
2012-07,35  -  39,OTHERS
2012-07,40  -  44,CHINESE
2012-07,40  -  44,CHINESE
2012-07,40  -  44,INDIANS
2012-07,40  -  44,INDIANS
2012-07,40  -  44,MALAYS
2012-07,40  -  44,MALAYS
2012-07,40  -  44,OTHERS
2012-07,40  -  44,OTHERS
2012-07,45  -  49,CHINESE
2012-08,15  -  19,CHINESE
2012-08,15  -  19,CHINESE
2012-08,15  -  19,INDIANS
2012-08,15  -  19,MALAYS
2012-08,15  -  19,MALAYS
2012-08,15  -  19,OTHERS
2012-08,20  -  24,CHINESE
2012-08,20  -  24,CHINESE
2012-08,20  -  24,INDIANS
2012-08,20  -  24,INDIANS
2012-08,20  -  24,MALAYS
2012-08,20  -  24,MALAYS
2012-08,20  -  24,OTHERS
2012-08,20  -  24,OTHERS
2012-08,25  -  29,CHINESE
2012-08,25  -  29,CHINESE
2012-08,25  -  29,INDIANS
2012-08,25  -  29,INDIANS
2012-08,25  -  29,MALAYS
2012-08,25  -  29,MALAYS
2012-08,25  -  29,OTHERS
2012-08,25  -  29,OTHERS
2012-08,30  -  34,CHINESE
2012-08,30  -  34,CHINESE
2012-08,30  -  34,INDIANS
2012-08,30  -  34,INDIANS
2012-08,30  -  34,MALAYS
2012-08,30  -  34,MALAYS
2012-08,30  -  34,OTHERS
2012-08,30  -  34,OTHERS
2012-08,35  -  39,CHINESE
2012-08,35  -  39,CHINESE
2012-08,35  -  39,INDIANS
2012-08,35  -  39,INDIANS
2012-08,35  -  39,MALAYS
2012-08,35  -  39,MALAYS
2012-08,35  -  39,OTHERS
2012-08,35  -  39,OTHERS
2012-08,40  -  44,CHINESE
2012-08,40  -  44,CHINESE
2012-08,40  -  44,INDIANS
2012-08,40  -  44,INDIANS
2012-08,40  -  44,MALAYS
2012-08,40  -  44,MALAYS
2012-08,40  -  44,OTHERS
2012-08,40  -  44,OTHERS
2012-08,45  -  49,CHINESE
2012-08,45  -  49,OTHERS
2012-08,Under 15,MALAYS
2012-09,15  -  19,CHINESE
2012-09,15  -  19,CHINESE
2012-09,15  -  19,INDIANS
2012-09,15  -  19,INDIANS
2012-09,15  -  19,MALAYS
2012-09,15  -  19,MALAYS
2012-09,15  -  19,OTHERS
2012-09,15  -  19,OTHERS
2012-09,20  -  24,CHINESE
2012-09,20  -  24,CHINESE
2012-09,20  -  24,INDIANS
2012-09,20  -  24,INDIANS
2012-09,20  -  24,MALAYS
2012-09,20  -  24,MALAYS
2012-09,20  -  24,OTHERS
2012-09,20  -  24,OTHERS
2012-09,25  -  29,CHINESE
2012-09,25  -  29,CHINESE
2012-09,25  -  29,INDIANS
2012-09,25  -  29,INDIANS
2012-09,25  -  29,MALAYS
2012-09,25  -  29,MALAYS
2012-09,25  -  29,OTHERS
2012-09,25  -  29,OTHERS
2012-09,30  -  34,CHINESE
2012-09,30  -  34,CHINESE
2012-09,30  -  34,INDIANS
2012-09,30  -  34,INDIANS
2012-09,30  -  34,MALAYS
2012-09,30  -  34,MALAYS
2012-09,30  -  34,OTHERS
2012-09,30  -  34,OTHERS
2012-09,35  -  39,CHINESE
2012-09,35  -  39,CHINESE
2012-09,35  -  39,INDIANS
2012-09,35  -  39,INDIANS
2012-09,35  -  39,MALAYS
2012-09,35  -  39,MALAYS
2012-09,35  -  39,OTHERS
2012-09,35  -  39,OTHERS
2012-09,40  -  44,CHINESE
2012-09,40  -  44,CHINESE
2012-09,40  -  44,INDIANS
2012-09,40  -  44,INDIANS
2012-09,40  -  44,MALAYS
2012-09,40  -  44,MALAYS
2012-09,40  -  44,OTHERS
2012-09,40  -  44,OTHERS
2012-09,45  -  49,MALAYS
2012-09,Under 15,MALAYS
2012-10,15  -  19,CHINESE
2012-10,15  -  19,CHINESE
2012-10,15  -  19,INDIANS
2012-10,15  -  19,MALAYS
2012-10,15  -  19,MALAYS
2012-10,15  -  19,OTHERS
2012-10,15  -  19,OTHERS
2012-10,20  -  24,CHINESE
2012-10,20  -  24,CHINESE
2012-10,20  -  24,INDIANS
2012-10,20  -  24,INDIANS
2012-10,20  -  24,MALAYS
2012-10,20  -  24,MALAYS
2012-10,20  -  24,OTHERS
2012-10,20  -  24,OTHERS
2012-10,25  -  29,CHINESE
2012-10,25  -  29,CHINESE
2012-10,25  -  29,INDIANS
2012-10,25  -  29,INDIANS
2012-10,25  -  29,MALAYS
2012-10,25  -  29,MALAYS
2012-10,25  -  29,OTHERS
2012-10,25  -  29,OTHERS
2012-10,30  -  34,CHINESE
2012-10,30  -  34,CHINESE
2012-10,30  -  34,INDIANS
2012-10,30  -  34,INDIANS
2012-10,30  -  34,MALAYS
2012-10,30  -  34,MALAYS
2012-10,30  -  34,OTHERS
2012-10,30  -  34,OTHERS
2012-10,35  -  39,CHINESE
2012-10,35  -  39,CHINESE
2012-10,35  -  39,INDIANS
2012-10,35  -  39,INDIANS
2012-10,35  -  39,MALAYS
2012-10,35  -  39,MALAYS
2012-10,35  -  39,OTHERS
2012-10,35  -  39,OTHERS
2012-10,40  -  44,CHINESE
2012-10,40  -  44,CHINESE
2012-10,40  -  44,INDIANS
2012-10,40  -  44,INDIANS
2012-10,40  -  44,MALAYS
2012-10,40  -  44,MALAYS
2012-10,40  -  44,OTHERS
2012-10,40  -  44,OTHERS
2012-10,45  -  49,CHINESE
2012-10,50  -  54,OTHERS
2012-10,Under 15,OTHERS
2012-11,15  -  19,CHINESE
2012-11,15  -  19,CHINESE
2012-11,15  -  19,INDIANS
2012-11,15  -  19,MALAYS
2012-11,15  -  19,MALAYS
2012-11,15  -  19,OTHERS
2012-11,15  -  19,OTHERS
2012-11,20  -  24,CHINESE
2012-11,20  -  24,CHINESE
2012-11,20  -  24,INDIANS
2012-11,20  -  24,INDIANS
2012-11,20  -  24,MALAYS
2012-11,20  -  24,MALAYS
2012-11,20  -  24,OTHERS
2012-11,20  -  24,OTHERS
2012-11,25  -  29,CHINESE
2012-11,25  -  29,CHINESE
2012-11,25  -  29,INDIANS
2012-11,25  -  29,INDIANS
2012-11,25  -  29,MALAYS
2012-11,25  -  29,MALAYS
2012-11,25  -  29,OTHERS
2012-11,25  -  29,OTHERS
2012-11,30  -  34,CHINESE
2012-11,30  -  34,CHINESE
2012-11,30  -  34,INDIANS
2012-11,30  -  34,INDIANS
2012-11,30  -  34,MALAYS
2012-11,30  -  34,MALAYS
2012-11,30  -  34,OTHERS
2012-11,30  -  34,OTHERS
2012-11,35  -  39,CHINESE
2012-11,35  -  39,CHINESE
2012-11,35  -  39,INDIANS
2012-11,35  -  39,INDIANS
2012-11,35  -  39,MALAYS
2012-11,35  -  39,MALAYS
2012-11,35  -  39,OTHERS
2012-11,35  -  39,OTHERS
2012-11,40  -  44,CHINESE
2012-11,40  -  44,CHINESE
2012-11,40  -  44,INDIANS
2012-11,40  -  44,INDIANS
2012-11,40  -  44,MALAYS
2012-11,40  -  44,MALAYS
2012-11,40  -  44,OTHERS
2012-11,40  -  44,OTHERS
2012-11,45  -  49,CHINESE
2012-11,45  -  49,CHINESE
2012-11,Under 15,MALAYS
2012-12,15  -  19,CHINESE
2012-12,15  -  19,CHINESE
2012-12,15  -  19,INDIANS
2012-12,15  -  19,MALAYS
2012-12,15  -  19,MALAYS
2012-12,20  -  24,CHINESE
2012-12,20  -  24,CHINESE
2012-12,20  -  24,INDIANS
2012-12,20  -  24,INDIANS
2012-12,20  -  24,MALAYS
2012-12,20  -  24,MALAYS
2012-12,20  -  24,OTHERS
2012-12,20  -  24,OTHERS
2012-12,25  -  29,CHINESE
2012-12,25  -  29,CHINESE
2012-12,25  -  29,INDIANS
2012-12,25  -  29,INDIANS
2012-12,25  -  29,MALAYS
2012-12,25  -  29,MALAYS
2012-12,25  -  29,OTHERS
2012-12,25  -  29,OTHERS
2012-12,30  -  34,CHINESE
2012-12,30  -  34,CHINESE
2012-12,30  -  34,INDIANS
2012-12,30  -  34,INDIANS
2012-12,30  -  34,MALAYS
2012-12,30  -  34,MALAYS
2012-12,30  -  34,OTHERS
2012-12,30  -  34,OTHERS
2012-12,35  -  39,CHINESE
2012-12,35  -  39,CHINESE
2012-12,35  -  39,INDIANS
2012-12,35  -  39,INDIANS
2012-12,35  -  39,MALAYS
2012-12,35  -  39,MALAYS
2012-12,35  -  39,OTHERS
2012-12,35  -  39,OTHERS
2012-12,40  -  44,CHINESE
2012-12,40  -  44,CHINESE
2012-12,40  -  44,INDIANS
2012-12,40  -  44,MALAYS
2012-12,40  -  44,MALAYS
2012-12,40  -  44,OTHERS
2012-12,40  -  44,OTHERS
2012-12,45  -  49,CHINESE
2012-12,45  -  49,OTHERS
2013-01,15  -  19,CHINESE
2013-01,15  -  19,CHINESE
2013-01,15  -  19,INDIANS
2013-01,15  -  19,INDIANS
2013-01,15  -  19,MALAYS
2013-01,15  -  19,MALAYS
2013-01,15  -  19,OTHERS
2013-01,15  -  19,OTHERS
2013-01,20  -  24,CHINESE
2013-01,20  -  24,CHINESE
2013-01,20  -  24,INDIANS
2013-01,20  -  24,INDIANS
2013-01,20  -  24,MALAYS
2013-01,20  -  24,MALAYS
2013-01,20  -  24,OTHERS
2013-01,20  -  24,OTHERS
2013-01,25  -  29,CHINESE
2013-01,25  -  29,CHINESE
2013-01,25  -  29,INDIANS
2013-01,25  -  29,INDIANS
2013-01,25  -  29,MALAYS
2013-01,25  -  29,MALAYS
2013-01,25  -  29,OTHERS
2013-01,25  -  29,OTHERS
2013-01,30  -  34,CHINESE
2013-01,30  -  34,CHINESE
2013-01,30  -  34,INDIANS
2013-01,30  -  34,INDIANS
2013-01,30  -  34,MALAYS
2013-01,30  -  34,MALAYS
2013-01,30  -  34,OTHERS
2013-01,30  -  34,OTHERS
2013-01,35  -  39,CHINESE
2013-01,35  -  39,CHINESE
2013-01,35  -  39,INDIANS
2013-01,35  -  39,INDIANS
2013-01,35  -  39,MALAYS
2013-01,35  -  39,MALAYS
2013-01,35  -  39,OTHERS
2013-01,35  -  39,OTHERS
2013-01,40  -  44,CHINESE
2013-01,40  -  44,CHINESE
2013-01,40  -  44,INDIANS
2013-01,40  -  44,INDIANS
2013-01,40  -  44,MALAYS
2013-01,40  -  44,MALAYS
2013-01,40  -  44,OTHERS
2013-01,40  -  44,OTHERS
2013-01,45  -  49,CHINESE
2013-01,45  -  49,CHINESE
2013-01,45  -  49,OTHERS
2013-01,Under 15,CHINESE
2013-01,Under 15,MALAYS
2013-02,15  -  19,CHINESE
2013-02,15  -  19,CHINESE
2013-02,15  -  19,INDIANS
2013-02,15  -  19,INDIANS
2013-02,15  -  19,MALAYS
2013-02,15  -  19,MALAYS
2013-02,15  -  19,OTHERS
2013-02,15  -  19,OTHERS
2013-02,20  -  24,CHINESE
2013-02,20  -  24,CHINESE
2013-02,20  -  24,INDIANS
2013-02,20  -  24,INDIANS
2013-02,20  -  24,MALAYS
2013-02,20  -  24,MALAYS
2013-02,20  -  24,OTHERS
2013-02,20  -  24,OTHERS
2013-02,25  -  29,CHINESE
2013-02,25  -  29,CHINESE
2013-02,25  -  29,INDIANS
2013-02,25  -  29,INDIANS
2013-02,25  -  29,MALAYS
2013-02,25  -  29,MALAYS
2013-02,25  -  29,OTHERS
2013-02,25  -  29,OTHERS
2013-02,30  -  34,CHINESE
2013-02,30  -  34,CHINESE
2013-02,30  -  34,INDIANS
2013-02,30  -  34,INDIANS
2013-02,30  -  34,MALAYS
2013-02,30  -  34,MALAYS
2013-02,30  -  34,OTHERS
2013-02,30  -  34,OTHERS
2013-02,30  -  34,OTHERS
2013-02,35  -  39,CHINESE
2013-02,35  -  39,CHINESE
2013-02,35  -  39,INDIANS
2013-02,35  -  39,INDIANS
2013-02,35  -  39,MALAYS
2013-02,35  -  39,MALAYS
2013-02,35  -  39,OTHERS
2013-02,35  -  39,OTHERS
2013-02,40  -  44,CHINESE
2013-02,40  -  44,CHINESE
2013-02,40  -  44,INDIANS
2013-02,40  -  44,INDIANS
2013-02,40  -  44,MALAYS
2013-02,40  -  44,MALAYS
2013-02,40  -  44,OTHERS
2013-02,40  -  44,OTHERS
2013-02,45  -  49,CHINESE
2013-02,45  -  49,CHINESE
2013-03,15  -  19,CHINESE
2013-03,15  -  19,CHINESE
2013-03,15  -  19,INDIANS
2013-03,15  -  19,INDIANS
2013-03,15  -  19,MALAYS
2013-03,15  -  19,MALAYS
2013-03,15  -  19,OTHERS
2013-03,15  -  19,OTHERS
2013-03,20  -  24,CHINESE
2013-03,20  -  24,CHINESE
2013-03,20  -  24,INDIANS
2013-03,20  -  24,INDIANS
2013-03,20  -  24,MALAYS
2013-03,20  -  24,MALAYS
2013-03,20  -  24,OTHERS
2013-03,20  -  24,OTHERS
2013-03,25  -  29,CHINESE
2013-03,25  -  29,CHINESE
2013-03,25  -  29,INDIANS
2013-03,25  -  29,INDIANS
2013-03,25  -  29,MALAYS
2013-03,25  -  29,MALAYS
2013-03,25  -  29,OTHERS
2013-03,25  -  29,OTHERS
2013-03,30  -  34,CHINESE
2013-03,30  -  34,CHINESE
2013-03,30  -  34,INDIANS
2013-03,30  -  34,INDIANS
2013-03,30  -  34,MALAYS
2013-03,30  -  34,MALAYS
2013-03,30  -  34,OTHERS
2013-03,30  -  34,OTHERS
2013-03,35  -  39,CHINESE
2013-03,35  -  39,CHINESE
2013-03,35  -  39,INDIANS
2013-03,35  -  39,INDIANS
2013-03,35  -  39,MALAYS
2013-03,35  -  39,MALAYS
2013-03,35  -  39,OTHERS
2013-03,35  -  39,OTHERS
2013-03,40  -  44,CHINESE
2013-03,40  -  44,CHINESE
2013-03,40  -  44,INDIANS
2013-03,40  -  44,INDIANS
2013-03,40  -  44,MALAYS
2013-03,40  -  44,MALAYS
2013-03,40  -  44,OTHERS
2013-03,40  -  44,OTHERS
2013-03,45  -  49,CHINESE
2013-03,45  -  49,MALAYS
2013-03,45  -  49,OTHERS
2013-04,15  -  19,CHINESE
2013-04,15  -  19,CHINESE
2013-04,15  -  19,INDIANS
2013-04,15  -  19,INDIANS
2013-04,15  -  19,MALAYS
2013-04,15  -  19,MALAYS
2013-04,15  -  19,OTHERS
2013-04,15  -  19,OTHERS
2013-04,20  -  24,CHINESE
2013-04,20  -  24,CHINESE
2013-04,20  -  24,INDIANS
2013-04,20  -  24,INDIANS
2013-04,20  -  24,MALAYS
2013-04,20  -  24,MALAYS
2013-04,20  -  24,OTHERS
2013-04,20  -  24,OTHERS
2013-04,25  -  29,CHINESE
2013-04,25  -  29,CHINESE
2013-04,25  -  29,INDIANS
2013-04,25  -  29,INDIANS
2013-04,25  -  29,MALAYS
2013-04,25  -  29,MALAYS
2013-04,25  -  29,OTHERS
2013-04,25  -  29,OTHERS
2013-04,30  -  34,CHINESE
2013-04,30  -  34,CHINESE
2013-04,30  -  34,INDIANS
2013-04,30  -  34,INDIANS
2013-04,30  -  34,MALAYS
2013-04,30  -  34,MALAYS
2013-04,30  -  34,OTHERS
2013-04,30  -  34,OTHERS
2013-04,35  -  39,CHINESE
2013-04,35  -  39,CHINESE
2013-04,35  -  39,INDIANS
2013-04,35  -  39,INDIANS
2013-04,35  -  39,MALAYS
2013-04,35  -  39,MALAYS
2013-04,35  -  39,OTHERS
2013-04,35  -  39,OTHERS
2013-04,40  -  44,CHINESE
2013-04,40  -  44,CHINESE
2013-04,40  -  44,INDIANS
2013-04,40  -  44,MALAYS
2013-04,40  -  44,MALAYS
2013-04,40  -  44,OTHERS
2013-04,40  -  44,OTHERS
2013-04,45  -  49,CHINESE
2013-04,45  -  49,OTHERS
2013-05,15  -  19,CHINESE
2013-05,15  -  19,CHINESE
2013-05,15  -  19,INDIANS
2013-05,15  -  19,INDIANS
2013-05,15  -  19,MALAYS
2013-05,15  -  19,MALAYS
2013-05,15  -  19,OTHERS
2013-05,20  -  24,CHINESE
2013-05,20  -  24,CHINESE
2013-05,20  -  24,INDIANS
2013-05,20  -  24,INDIANS
2013-05,20  -  24,MALAYS
2013-05,20  -  24,MALAYS
2013-05,20  -  24,OTHERS
2013-05,20  -  24,OTHERS
2013-05,25  -  29,CHINESE
2013-05,25  -  29,CHINESE
2013-05,25  -  29,INDIANS
2013-05,25  -  29,INDIANS
2013-05,25  -  29,MALAYS
2013-05,25  -  29,MALAYS
2013-05,25  -  29,OTHERS
2013-05,25  -  29,OTHERS
2013-05,30  -  34,CHINESE
2013-05,30  -  34,CHINESE
2013-05,30  -  34,INDIANS
2013-05,30  -  34,INDIANS
2013-05,30  -  34,MALAYS
2013-05,30  -  34,MALAYS
2013-05,30  -  34,OTHERS
2013-05,30  -  34,OTHERS
2013-05,35  -  39,CHINESE
2013-05,35  -  39,CHINESE
2013-05,35  -  39,INDIANS
2013-05,35  -  39,INDIANS
2013-05,35  -  39,MALAYS
2013-05,35  -  39,MALAYS
2013-05,35  -  39,OTHERS
2013-05,35  -  39,OTHERS
2013-05,40  -  44,CHINESE
2013-05,40  -  44,CHINESE
2013-05,40  -  44,INDIANS
2013-05,40  -  44,INDIANS
2013-05,40  -  44,MALAYS
2013-05,40  -  44,MALAYS
2013-05,40  -  44,OTHERS
2013-05,40  -  44,OTHERS
2013-05,45  -  49,CHINESE
2013-05,45  -  49,MALAYS
2013-05,45  -  49,MALAYS
2013-05,45  -  49,OTHERS
2013-05,50  -  54,CHINESE
2013-05,50  -  54,CHINESE
2013-05,Under 15,MALAYS
2013-06,15  -  19,CHINESE
2013-06,15  -  19,CHINESE
2013-06,15  -  19,INDIANS
2013-06,15  -  19,INDIANS
2013-06,15  -  19,MALAYS
2013-06,15  -  19,MALAYS
2013-06,15  -  19,OTHERS
2013-06,20  -  24,CHINESE
2013-06,20  -  24,CHINESE
2013-06,20  -  24,INDIANS
2013-06,20  -  24,INDIANS
2013-06,20  -  24,MALAYS
2013-06,20  -  24,MALAYS
2013-06,20  -  24,OTHERS
2013-06,20  -  24,OTHERS
2013-06,25  -  29,CHINESE
2013-06,25  -  29,CHINESE
2013-06,25  -  29,INDIANS
2013-06,25  -  29,INDIANS
2013-06,25  -  29,MALAYS
2013-06,25  -  29,MALAYS
2013-06,25  -  29,OTHERS
2013-06,25  -  29,OTHERS
2013-06,30  -  34,CHINESE
2013-06,30  -  34,CHINESE
2013-06,30  -  34,INDIANS
2013-06,30  -  34,INDIANS
2013-06,30  -  34,MALAYS
2013-06,30  -  34,MALAYS
2013-06,30  -  34,OTHERS
2013-06,30  -  34,OTHERS
2013-06,35  -  39,CHINESE
2013-06,35  -  39,CHINESE
2013-06,35  -  39,INDIANS
2013-06,35  -  39,INDIANS
2013-06,35  -  39,MALAYS
2013-06,35  -  39,MALAYS
2013-06,35  -  39,OTHERS
2013-06,35  -  39,OTHERS
2013-06,40  -  44,CHINESE
2013-06,40  -  44,CHINESE
2013-06,40  -  44,INDIANS
2013-06,40  -  44,INDIANS
2013-06,40  -  44,MALAYS
2013-06,40  -  44,MALAYS
2013-06,40  -  44,OTHERS
2013-06,40  -  44,OTHERS
2013-06,45  -  49,MALAYS
2013-06,45  -  49,OTHERS
2013-06,Under 15,INDIANS
2013-07,15  -  19,CHINESE
2013-07,15  -  19,CHINESE
2013-07,15  -  19,INDIANS
2013-07,15  -  19,MALAYS
2013-07,15  -  19,MALAYS
2013-07,15  -  19,OTHERS
2013-07,15  -  19,OTHERS
2013-07,20  -  24,CHINESE
2013-07,20  -  24,CHINESE
2013-07,20  -  24,INDIANS
2013-07,20  -  24,INDIANS
2013-07,20  -  24,MALAYS
2013-07,20  -  24,MALAYS
2013-07,20  -  24,OTHERS
2013-07,20  -  24,OTHERS
2013-07,25  -  29,CHINESE
2013-07,25  -  29,CHINESE
2013-07,25  -  29,INDIANS
2013-07,25  -  29,INDIANS
2013-07,25  -  29,MALAYS
2013-07,25  -  29,MALAYS
2013-07,25  -  29,OTHERS
2013-07,25  -  29,OTHERS
2013-07,30  -  34,CHINESE
2013-07,30  -  34,CHINESE
2013-07,30  -  34,INDIANS
2013-07,30  -  34,INDIANS
2013-07,30  -  34,MALAYS
2013-07,30  -  34,MALAYS
2013-07,30  -  34,OTHERS
2013-07,30  -  34,OTHERS
2013-07,35  -  39,CHINESE
2013-07,35  -  39,CHINESE
2013-07,35  -  39,INDIANS
2013-07,35  -  39,INDIANS
2013-07,35  -  39,MALAYS
2013-07,35  -  39,MALAYS
2013-07,35  -  39,OTHERS
2013-07,35  -  39,OTHERS
2013-07,40  -  44,CHINESE
2013-07,40  -  44,CHINESE
2013-07,40  -  44,INDIANS
2013-07,40  -  44,INDIANS
2013-07,40  -  44,MALAYS
2013-07,40  -  44,MALAYS
2013-07,40  -  44,OTHERS
2013-07,40  -  44,OTHERS
2013-07,45  -  49,CHINESE
2013-07,45  -  49,CHINESE
2013-07,45  -  49,INDIANS
2013-07,Under 15,MALAYS
2013-08,15  -  19,CHINESE
2013-08,15  -  19,CHINESE
2013-08,15  -  19,INDIANS
2013-08,15  -  19,INDIANS
2013-08,15  -  19,MALAYS
2013-08,15  -  19,MALAYS
2013-08,15  -  19,OTHERS
2013-08,20  -  24,CHINESE
2013-08,20  -  24,CHINESE
2013-08,20  -  24,INDIANS
2013-08,20  -  24,INDIANS
2013-08,20  -  24,MALAYS
2013-08,20  -  24,MALAYS
2013-08,20  -  24,OTHERS
2013-08,20  -  24,OTHERS
2013-08,25  -  29,CHINESE
2013-08,25  -  29,CHINESE
2013-08,25  -  29,INDIANS
2013-08,25  -  29,INDIANS
2013-08,25  -  29,MALAYS
2013-08,25  -  29,MALAYS
2013-08,25  -  29,OTHERS
2013-08,25  -  29,OTHERS
2013-08,30  -  34,CHINESE
2013-08,30  -  34,CHINESE
2013-08,30  -  34,INDIANS
2013-08,30  -  34,INDIANS
2013-08,30  -  34,MALAYS
2013-08,30  -  34,MALAYS
2013-08,30  -  34,OTHERS
2013-08,30  -  34,OTHERS
2013-08,35  -  39,CHINESE
2013-08,35  -  39,CHINESE
2013-08,35  -  39,INDIANS
2013-08,35  -  39,INDIANS
2013-08,35  -  39,MALAYS
2013-08,35  -  39,MALAYS
2013-08,35  -  39,OTHERS
2013-08,35  -  39,OTHERS
2013-08,40  -  44,CHINESE
2013-08,40  -  44,CHINESE
2013-08,40  -  44,INDIANS
2013-08,40  -  44,INDIANS
2013-08,40  -  44,MALAYS
2013-08,40  -  44,MALAYS
2013-08,40  -  44,OTHERS
2013-08,40  -  44,OTHERS
2013-08,45  -  49,CHINESE
2013-08,45  -  49,CHINESE
2013-09,15  -  19,CHINESE
2013-09,15  -  19,CHINESE
2013-09,15  -  19,INDIANS
2013-09,15  -  19,MALAYS
2013-09,15  -  19,MALAYS
2013-09,15  -  19,OTHERS
2013-09,15  -  19,OTHERS
2013-09,20  -  24,CHINESE
2013-09,20  -  24,CHINESE
2013-09,20  -  24,INDIANS
2013-09,20  -  24,INDIANS
2013-09,20  -  24,MALAYS
2013-09,20  -  24,MALAYS
2013-09,20  -  24,OTHERS
2013-09,20  -  24,OTHERS
2013-09,25  -  29,CHINESE
2013-09,25  -  29,CHINESE
2013-09,25  -  29,INDIANS
2013-09,25  -  29,INDIANS
2013-09,25  -  29,MALAYS
2013-09,25  -  29,MALAYS
2013-09,25  -  29,OTHERS
2013-09,25  -  29,OTHERS
2013-09,30  -  34,CHINESE
2013-09,30  -  34,CHINESE
2013-09,30  -  34,INDIANS
2013-09,30  -  34,INDIANS
2013-09,30  -  34,MALAYS
2013-09,30  -  34,MALAYS
2013-09,30  -  34,OTHERS
2013-09,30  -  34,OTHERS
2013-09,35  -  39,CHINESE
2013-09,35  -  39,CHINESE
2013-09,35  -  39,INDIANS
2013-09,35  -  39,INDIANS
2013-09,35  -  39,MALAYS
2013-09,35  -  39,MALAYS
2013-09,35  -  39,OTHERS
2013-09,35  -  39,OTHERS
2013-09,40  -  44,CHINESE
2013-09,40  -  44,CHINESE
2013-09,40  -  44,INDIANS
2013-09,40  -  44,INDIANS
2013-09,40  -  44,MALAYS
2013-09,40  -  44,MALAYS
2013-09,40  -  44,OTHERS
2013-09,40  -  44,OTHERS
2013-09,45  -  49,CHINESE
2013-09,45  -  49,CHINESE
2013-09,45  -  49,INDIANS
2013-09,50  -  54,CHINESE
2013-09,Under 15,MALAYS
2013-10,15  -  19,CHINESE
2013-10,15  -  19,CHINESE
2013-10,15  -  19,INDIANS
2013-10,15  -  19,INDIANS
2013-10,15  -  19,MALAYS
2013-10,15  -  19,MALAYS
2013-10,15  -  19,OTHERS
2013-10,20  -  24,CHINESE
2013-10,20  -  24,CHINESE
2013-10,20  -  24,INDIANS
2013-10,20  -  24,INDIANS
2013-10,20  -  24,MALAYS
2013-10,20  -  24,MALAYS
2013-10,20  -  24,OTHERS
2013-10,20  -  24,OTHERS
2013-10,25  -  29,CHINESE
2013-10,25  -  29,CHINESE
2013-10,25  -  29,INDIANS
2013-10,25  -  29,INDIANS
2013-10,25  -  29,MALAYS
2013-10,25  -  29,MALAYS
2013-10,25  -  29,OTHERS
2013-10,25  -  29,OTHERS
2013-10,30  -  34,CHINESE
2013-10,30  -  34,CHINESE
2013-10,30  -  34,INDIANS
2013-10,30  -  34,INDIANS
2013-10,30  -  34,MALAYS
2013-10,30  -  34,MALAYS
2013-10,30  -  34,OTHERS
2013-10,30  -  34,OTHERS
2013-10,35  -  39,CHINESE
2013-10,35  -  39,CHINESE
2013-10,35  -  39,INDIANS
2013-10,35  -  39,INDIANS
2013-10,35  -  39,MALAYS
2013-10,35  -  39,MALAYS
2013-10,35  -  39,OTHERS
2013-10,35  -  39,OTHERS
2013-10,40  -  44,CHINESE
2013-10,40  -  44,CHINESE
2013-10,40  -  44,INDIANS
2013-10,40  -  44,INDIANS
2013-10,40  -  44,MALAYS
2013-10,40  -  44,MALAYS
2013-10,40  -  44,OTHERS
2013-10,40  -  44,OTHERS
2013-10,45  -  49,CHINESE
2013-10,45  -  49,CHINESE
2013-10,45  -  49,OTHERS
2013-10,45  -  49,OTHERS
2013-11,15  -  19,CHINESE
2013-11,15  -  19,CHINESE
2013-11,15  -  19,INDIANS
2013-11,15  -  19,INDIANS
2013-11,15  -  19,MALAYS
2013-11,15  -  19,MALAYS
2013-11,15  -  19,OTHERS
2013-11,20  -  24,CHINESE
2013-11,20  -  24,CHINESE
2013-11,20  -  24,INDIANS
2013-11,20  -  24,INDIANS
2013-11,20  -  24,MALAYS
2013-11,20  -  24,MALAYS
2013-11,20  -  24,OTHERS
2013-11,20  -  24,OTHERS
2013-11,25  -  29,CHINESE
2013-11,25  -  29,CHINESE
2013-11,25  -  29,INDIANS
2013-11,25  -  29,INDIANS
2013-11,25  -  29,MALAYS
2013-11,25  -  29,MALAYS
2013-11,25  -  29,OTHERS
2013-11,25  -  29,OTHERS
2013-11,30  -  34,CHINESE
2013-11,30  -  34,CHINESE
2013-11,30  -  34,INDIANS
2013-11,30  -  34,INDIANS
2013-11,30  -  34,MALAYS
2013-11,30  -  34,MALAYS
2013-11,30  -  34,OTHERS
2013-11,30  -  34,OTHERS
2013-11,35  -  39,CHINESE
2013-11,35  -  39,CHINESE
2013-11,35  -  39,INDIANS
2013-11,35  -  39,INDIANS
2013-11,35  -  39,MALAYS
2013-11,35  -  39,MALAYS
2013-11,35  -  39,OTHERS
2013-11,35  -  39,OTHERS
2013-11,40  -  44,CHINESE
2013-11,40  -  44,CHINESE
2013-11,40  -  44,INDIANS
2013-11,40  -  44,INDIANS
2013-11,40  -  44,MALAYS
2013-11,40  -  44,MALAYS
2013-11,40  -  44,OTHERS
2013-11,40  -  44,OTHERS
2013-11,45  -  49,CHINESE
2013-11,45  -  49,CHINESE
2013-12,15  -  19,CHINESE
2013-12,15  -  19,CHINESE
2013-12,15  -  19,INDIANS
2013-12,15  -  19,INDIANS
2013-12,15  -  19,MALAYS
2013-12,15  -  19,MALAYS
2013-12,20  -  24,CHINESE
2013-12,20  -  24,CHINESE
2013-12,20  -  24,INDIANS
2013-12,20  -  24,INDIANS
2013-12,20  -  24,MALAYS
2013-12,20  -  24,MALAYS
2013-12,20  -  24,OTHERS
2013-12,20  -  24,OTHERS
2013-12,25  -  29,CHINESE
2013-12,25  -  29,CHINESE
2013-12,25  -  29,INDIANS
2013-12,25  -  29,INDIANS
2013-12,25  -  29,MALAYS
2013-12,25  -  29,MALAYS
2013-12,25  -  29,OTHERS
2013-12,25  -  29,OTHERS
2013-12,30  -  34,CHINESE
2013-12,30  -  34,CHINESE
2013-12,30  -  34,INDIANS
2013-12,30  -  34,INDIANS
2013-12,30  -  34,MALAYS
2013-12,30  -  34,MALAYS
2013-12,30  -  34,OTHERS
2013-12,30  -  34,OTHERS
2013-12,35  -  39,CHINESE
2013-12,35  -  39,CHINESE
2013-12,35  -  39,INDIANS
2013-12,35  -  39,INDIANS
2013-12,35  -  39,MALAYS
2013-12,35  -  39,MALAYS
2013-12,35  -  39,OTHERS
2013-12,35  -  39,OTHERS
2013-12,40  -  44,CHINESE
2013-12,40  -  44,CHINESE
2013-12,40  -  44,INDIANS
2013-12,40  -  44,INDIANS
2013-12,40  -  44,MALAYS
2013-12,40  -  44,MALAYS
2013-12,40  -  44,OTHERS
2013-12,40  -  44,OTHERS
2013-12,45  -  49,CHINESE
2013-12,45  -  49,OTHERS
2014-01,15  -  19,CHINESE
2014-01,15  -  19,CHINESE
2014-01,15  -  19,INDIANS
2014-01,15  -  19,INDIANS
2014-01,15  -  19,MALAYS
2014-01,15  -  19,MALAYS
2014-01,20  -  24,CHINESE
2014-01,20  -  24,CHINESE
2014-01,20  -  24,INDIANS
2014-01,20  -  24,INDIANS
2014-01,20  -  24,MALAYS
2014-01,20  -  24,MALAYS
2014-01,20  -  24,OTHERS
2014-01,20  -  24,OTHERS
2014-01,25  -  29,CHINESE
2014-01,25  -  29,CHINESE
2014-01,25  -  29,INDIANS
2014-01,25  -  29,INDIANS
2014-01,25  -  29,MALAYS
2014-01,25  -  29,MALAYS
2014-01,25  -  29,OTHERS
2014-01,25  -  29,OTHERS
2014-01,30  -  34,CHINESE
2014-01,30  -  34,CHINESE
2014-01,30  -  34,INDIANS
2014-01,30  -  34,INDIANS
2014-01,30  -  34,MALAYS
2014-01,30  -  34,MALAYS
2014-01,30  -  34,OTHERS
2014-01,30  -  34,OTHERS
2014-01,35  -  39,CHINESE
2014-01,35  -  39,CHINESE
2014-01,35  -  39,INDIANS
2014-01,35  -  39,INDIANS
2014-01,35  -  39,MALAYS
2014-01,35  -  39,MALAYS
2014-01,35  -  39,OTHERS
2014-01,35  -  39,OTHERS
2014-01,40  -  44,CHINESE
2014-01,40  -  44,CHINESE
2014-01,40  -  44,INDIANS
2014-01,40  -  44,INDIANS
2014-01,40  -  44,MALAYS
2014-01,40  -  44,MALAYS
2014-01,40  -  44,OTHERS
2014-01,40  -  44,OTHERS
2014-01,45  -  49,MALAYS
2014-01,45  -  49,MALAYS
2014-01,45  -  49,OTHERS
2014-02,15  -  19,CHINESE
2014-02,15  -  19,CHINESE
2014-02,15  -  19,INDIANS
2014-02,15  -  19,MALAYS
2014-02,15  -  19,MALAYS
2014-02,15  -  19,OTHERS
2014-02,15  -  19,OTHERS
2014-02,20  -  24,CHINESE
2014-02,20  -  24,CHINESE
2014-02,20  -  24,INDIANS
2014-02,20  -  24,INDIANS
2014-02,20  -  24,MALAYS
2014-02,20  -  24,MALAYS
2014-02,20  -  24,OTHERS
2014-02,20  -  24,OTHERS
2014-02,25  -  29,CHINESE
2014-02,25  -  29,CHINESE
2014-02,25  -  29,INDIANS
2014-02,25  -  29,INDIANS
2014-02,25  -  29,MALAYS
2014-02,25  -  29,MALAYS
2014-02,25  -  29,OTHERS
2014-02,25  -  29,OTHERS
2014-02,30  -  34,CHINESE
2014-02,30  -  34,CHINESE
2014-02,30  -  34,INDIANS
2014-02,30  -  34,INDIANS
2014-02,30  -  34,MALAYS
2014-02,30  -  34,MALAYS
2014-02,30  -  34,OTHERS
2014-02,30  -  34,OTHERS
2014-02,35  -  39,CHINESE
2014-02,35  -  39,CHINESE
2014-02,35  -  39,INDIANS
2014-02,35  -  39,INDIANS
2014-02,35  -  39,MALAYS
2014-02,35  -  39,MALAYS
2014-02,35  -  39,OTHERS
2014-02,35  -  39,OTHERS
2014-02,40  -  44,CHINESE
2014-02,40  -  44,CHINESE
2014-02,40  -  44,INDIANS
2014-02,40  -  44,INDIANS
2014-02,40  -  44,MALAYS
2014-02,40  -  44,MALAYS
2014-02,40  -  44,OTHERS
2014-02,40  -  44,OTHERS
2014-02,45  -  49,CHINESE
2014-03,15  -  19,CHINESE
2014-03,15  -  19,CHINESE
2014-03,15  -  19,INDIANS
2014-03,15  -  19,INDIANS
2014-03,15  -  19,MALAYS
2014-03,15  -  19,MALAYS
2014-03,15  -  19,OTHERS
2014-03,20  -  24,CHINESE
2014-03,20  -  24,CHINESE
2014-03,20  -  24,INDIANS
2014-03,20  -  24,INDIANS
2014-03,20  -  24,MALAYS
2014-03,20  -  24,MALAYS
2014-03,20  -  24,OTHERS
2014-03,20  -  24,OTHERS
2014-03,25  -  29,CHINESE
2014-03,25  -  29,CHINESE
2014-03,25  -  29,INDIANS
2014-03,25  -  29,INDIANS
2014-03,25  -  29,MALAYS
2014-03,25  -  29,MALAYS
2014-03,25  -  29,OTHERS
2014-03,25  -  29,OTHERS
2014-03,30  -  34,CHINESE
2014-03,30  -  34,CHINESE
2014-03,30  -  34,INDIANS
2014-03,30  -  34,INDIANS
2014-03,30  -  34,MALAYS
2014-03,30  -  34,MALAYS
2014-03,30  -  34,OTHERS
2014-03,30  -  34,OTHERS
2014-03,35  -  39,CHINESE
2014-03,35  -  39,CHINESE
2014-03,35  -  39,INDIANS
2014-03,35  -  39,INDIANS
2014-03,35  -  39,MALAYS
2014-03,35  -  39,MALAYS
2014-03,35  -  39,OTHERS
2014-03,35  -  39,OTHERS
2014-03,40  -  44,CHINESE
2014-03,40  -  44,CHINESE
2014-03,40  -  44,INDIANS
2014-03,40  -  44,INDIANS
2014-03,40  -  44,MALAYS
2014-03,40  -  44,MALAYS
2014-03,40  -  44,OTHERS
2014-03,40  -  44,OTHERS
2014-03,45  -  49,CHINESE
2014-03,45  -  49,CHINESE
2014-03,45  -  49,MALAYS
2014-03,45  -  49,OTHERS
2014-03,45  -  49,OTHERS
2014-04,15  -  19,CHINESE
2014-04,15  -  19,CHINESE
2014-04,15  -  19,INDIANS
2014-04,15  -  19,MALAYS
2014-04,15  -  19,MALAYS
2014-04,15  -  19,OTHERS
2014-04,20  -  24,CHINESE
2014-04,20  -  24,CHINESE
2014-04,20  -  24,INDIANS
2014-04,20  -  24,INDIANS
2014-04,20  -  24,MALAYS
2014-04,20  -  24,MALAYS
2014-04,20  -  24,OTHERS
2014-04,20  -  24,OTHERS
2014-04,25  -  29,CHINESE
2014-04,25  -  29,CHINESE
2014-04,25  -  29,INDIANS
2014-04,25  -  29,INDIANS
2014-04,25  -  29,MALAYS
2014-04,25  -  29,MALAYS
2014-04,25  -  29,OTHERS
2014-04,25  -  29,OTHERS
2014-04,30  -  34,CHINESE
2014-04,30  -  34,CHINESE
2014-04,30  -  34,INDIANS
2014-04,30  -  34,INDIANS
2014-04,30  -  34,MALAYS
2014-04,30  -  34,MALAYS
2014-04,30  -  34,OTHERS
2014-04,30  -  34,OTHERS
2014-04,35  -  39,CHINESE
2014-04,35  -  39,CHINESE
2014-04,35  -  39,INDIANS
2014-04,35  -  39,INDIANS
2014-04,35  -  39,MALAYS
2014-04,35  -  39,MALAYS
2014-04,35  -  39,OTHERS
2014-04,35  -  39,OTHERS
2014-04,40  -  44,CHINESE
2014-04,40  -  44,CHINESE
2014-04,40  -  44,INDIANS
2014-04,40  -  44,INDIANS
2014-04,40  -  44,MALAYS
2014-04,40  -  44,MALAYS
2014-04,40  -  44,OTHERS
2014-04,40  -  44,OTHERS
2014-04,45  -  49,CHINESE
2014-04,45  -  49,CHINESE
2014-04,45  -  49,MALAYS
2014-04,45  -  49,OTHERS
2014-04,Under 15,MALAYS
2014-05,15  -  19,CHINESE
2014-05,15  -  19,CHINESE
2014-05,15  -  19,INDIANS
2014-05,15  -  19,MALAYS
2014-05,15  -  19,MALAYS
2014-05,15  -  19,OTHERS
2014-05,15  -  19,OTHERS
2014-05,20  -  24,CHINESE
2014-05,20  -  24,CHINESE
2014-05,20  -  24,INDIANS
2014-05,20  -  24,INDIANS
2014-05,20  -  24,MALAYS
2014-05,20  -  24,MALAYS
2014-05,20  -  24,OTHERS
2014-05,20  -  24,OTHERS
2014-05,25  -  29,CHINESE
2014-05,25  -  29,CHINESE
2014-05,25  -  29,INDIANS
2014-05,25  -  29,INDIANS
2014-05,25  -  29,MALAYS
2014-05,25  -  29,MALAYS
2014-05,25  -  29,OTHERS
2014-05,25  -  29,OTHERS
2014-05,30  -  34,CHINESE
2014-05,30  -  34,CHINESE
2014-05,30  -  34,INDIANS
2014-05,30  -  34,INDIANS
2014-05,30  -  34,MALAYS
2014-05,30  -  34,MALAYS
2014-05,30  -  34,OTHERS
2014-05,30  -  34,OTHERS
2014-05,35  -  39,CHINESE
2014-05,35  -  39,CHINESE
2014-05,35  -  39,INDIANS
2014-05,35  -  39,INDIANS
2014-05,35  -  39,MALAYS
2014-05,35  -  39,MALAYS
2014-05,35  -  39,OTHERS
2014-05,35  -  39,OTHERS
2014-05,40  -  44,CHINESE
2014-05,40  -  44,CHINESE
2014-05,40  -  44,INDIANS
2014-05,40  -  44,INDIANS
2014-05,40  -  44,MALAYS
2014-05,40  -  44,MALAYS
2014-05,40  -  44,OTHERS
2014-05,40  -  44,OTHERS
2014-05,45  -  49,CHINESE
2014-05,45  -  49,CHINESE
2014-05,45  -  49,OTHERS
2014-05,45  -  49,OTHERS
2014-06,15  -  19,CHINESE
2014-06,15  -  19,CHINESE
2014-06,15  -  19,INDIANS
2014-06,15  -  19,MALAYS
2014-06,15  -  19,MALAYS
2014-06,20  -  24,CHINESE
2014-06,20  -  24,CHINESE
2014-06,20  -  24,INDIANS
2014-06,20  -  24,INDIANS
2014-06,20  -  24,MALAYS
2014-06,20  -  24,MALAYS
2014-06,20  -  24,OTHERS
2014-06,20  -  24,OTHERS
2014-06,25  -  29,CHINESE
2014-06,25  -  29,CHINESE
2014-06,25  -  29,INDIANS
2014-06,25  -  29,INDIANS
2014-06,25  -  29,MALAYS
2014-06,25  -  29,MALAYS
2014-06,25  -  29,OTHERS
2014-06,25  -  29,OTHERS
2014-06,30  -  34,CHINESE
2014-06,30  -  34,CHINESE
2014-06,30  -  34,INDIANS
2014-06,30  -  34,INDIANS
2014-06,30  -  34,MALAYS
2014-06,30  -  34,MALAYS
2014-06,30  -  34,OTHERS
2014-06,30  -  34,OTHERS
2014-06,35  -  39,CHINESE
2014-06,35  -  39,CHINESE
2014-06,35  -  39,INDIANS
2014-06,35  -  39,INDIANS
2014-06,35  -  39,MALAYS
2014-06,35  -  39,MALAYS
2014-06,35  -  39,OTHERS
2014-06,35  -  39,OTHERS
2014-06,40  -  44,CHINESE
2014-06,40  -  44,CHINESE
2014-06,40  -  44,INDIANS
2014-06,40  -  44,INDIANS
2014-06,40  -  44,MALAYS
2014-06,40  -  44,MALAYS
2014-06,40  -  44,OTHERS
2014-06,40  -  44,OTHERS
2014-06,45  -  49,CHINESE
2014-06,45  -  49,OTHERS
2014-07,15  -  19,CHINESE
2014-07,15  -  19,CHINESE
2014-07,15  -  19,INDIANS
2014-07,15  -  19,MALAYS
2014-07,15  -  19,MALAYS
2014-07,15  -  19,OTHERS
2014-07,15  -  19,OTHERS
2014-07,20  -  24,CHINESE
2014-07,20  -  24,CHINESE
2014-07,20  -  24,INDIANS
2014-07,20  -  24,INDIANS
2014-07,20  -  24,MALAYS
2014-07,20  -  24,MALAYS
2014-07,20  -  24,OTHERS
2014-07,20  -  24,OTHERS
2014-07,25  -  29,CHINESE
2014-07,25  -  29,CHINESE
2014-07,25  -  29,INDIANS
2014-07,25  -  29,INDIANS
2014-07,25  -  29,MALAYS
2014-07,25  -  29,MALAYS
2014-07,25  -  29,OTHERS
2014-07,25  -  29,OTHERS
2014-07,30  -  34,CHINESE
2014-07,30  -  34,CHINESE
2014-07,30  -  34,INDIANS
2014-07,30  -  34,INDIANS
2014-07,30  -  34,MALAYS
2014-07,30  -  34,MALAYS
2014-07,30  -  34,OTHERS
2014-07,30  -  34,OTHERS
2014-07,35  -  39,CHINESE
2014-07,35  -  39,CHINESE
2014-07,35  -  39,INDIANS
2014-07,35  -  39,INDIANS
2014-07,35  -  39,MALAYS
2014-07,35  -  39,MALAYS
2014-07,35  -  39,OTHERS
2014-07,35  -  39,OTHERS
2014-07,40  -  44,CHINESE
2014-07,40  -  44,CHINESE
2014-07,40  -  44,INDIANS
2014-07,40  -  44,INDIANS
2014-07,40  -  44,MALAYS
2014-07,40  -  44,MALAYS
2014-07,40  -  44,OTHERS
2014-07,40  -  44,OTHERS
2014-07,45  -  49,CHINESE
2014-07,45  -  49,INDIANS
2014-07,45  -  49,INDIANS
2014-07,45  -  49,OTHERS
2014-07,50  -  54,CHINESE
2014-07,Under 15,CHINESE
2014-08,15  -  19,CHINESE
2014-08,15  -  19,CHINESE
2014-08,15  -  19,INDIANS
2014-08,15  -  19,MALAYS
2014-08,15  -  19,MALAYS
2014-08,15  -  19,OTHERS
2014-08,20  -  24,CHINESE
2014-08,20  -  24,CHINESE
2014-08,20  -  24,INDIANS
2014-08,20  -  24,INDIANS
2014-08,20  -  24,MALAYS
2014-08,20  -  24,MALAYS
2014-08,20  -  24,OTHERS
2014-08,20  -  24,OTHERS
2014-08,25  -  29,CHINESE
2014-08,25  -  29,CHINESE
2014-08,25  -  29,INDIANS
2014-08,25  -  29,INDIANS
2014-08,25  -  29,MALAYS
2014-08,25  -  29,MALAYS
2014-08,25  -  29,OTHERS
2014-08,25  -  29,OTHERS
2014-08,30  -  34,CHINESE
2014-08,30  -  34,CHINESE
2014-08,30  -  34,INDIANS
2014-08,30  -  34,INDIANS
2014-08,30  -  34,MALAYS
2014-08,30  -  34,MALAYS
2014-08,30  -  34,OTHERS
2014-08,30  -  34,OTHERS
2014-08,35  -  39,CHINESE
2014-08,35  -  39,CHINESE
2014-08,35  -  39,INDIANS
2014-08,35  -  39,INDIANS
2014-08,35  -  39,MALAYS
2014-08,35  -  39,MALAYS
2014-08,35  -  39,OTHERS
2014-08,35  -  39,OTHERS
2014-08,40  -  44,CHINESE
2014-08,40  -  44,CHINESE
2014-08,40  -  44,INDIANS
2014-08,40  -  44,INDIANS
2014-08,40  -  44,MALAYS
2014-08,40  -  44,MALAYS
2014-08,40  -  44,OTHERS
2014-08,40  -  44,OTHERS
2014-08,45  -  49,CHINESE
2014-08,45  -  49,MALAYS
2014-08,45  -  49,MALAYS
2014-09,15  -  19,CHINESE
2014-09,15  -  19,CHINESE
2014-09,15  -  19,INDIANS
2014-09,15  -  19,INDIANS
2014-09,15  -  19,MALAYS
2014-09,15  -  19,MALAYS
2014-09,15  -  19,OTHERS
2014-09,20  -  24,CHINESE
2014-09,20  -  24,CHINESE
2014-09,20  -  24,INDIANS
2014-09,20  -  24,INDIANS
2014-09,20  -  24,MALAYS
2014-09,20  -  24,MALAYS
2014-09,20  -  24,OTHERS
2014-09,20  -  24,OTHERS
2014-09,25  -  29,CHINESE
2014-09,25  -  29,CHINESE
2014-09,25  -  29,INDIANS
2014-09,25  -  29,INDIANS
2014-09,25  -  29,MALAYS
2014-09,25  -  29,MALAYS
2014-09,25  -  29,MALAYS
2014-09,25  -  29,OTHERS
2014-09,25  -  29,OTHERS
2014-09,30  -  34,CHINESE
2014-09,30  -  34,CHINESE
2014-09,30  -  34,INDIANS
2014-09,30  -  34,INDIANS
2014-09,30  -  34,MALAYS
2014-09,30  -  34,MALAYS
2014-09,30  -  34,OTHERS
2014-09,30  -  34,OTHERS
2014-09,35  -  39,CHINESE
2014-09,35  -  39,CHINESE
2014-09,35  -  39,INDIANS
2014-09,35  -  39,INDIANS
2014-09,35  -  39,MALAYS
2014-09,35  -  39,MALAYS
2014-09,35  -  39,OTHERS
2014-09,35  -  39,OTHERS
2014-09,40  -  44,CHINESE
2014-09,40  -  44,CHINESE
2014-09,40  -  44,INDIANS
2014-09,40  -  44,INDIANS
2014-09,40  -  44,MALAYS
2014-09,40  -  44,MALAYS
2014-09,40  -  44,OTHERS
2014-09,40  -  44,OTHERS
2014-09,45  -  49,CHINESE
2014-10,15  -  19,CHINESE
2014-10,15  -  19,CHINESE
2014-10,15  -  19,INDIANS
2014-10,15  -  19,INDIANS
2014-10,15  -  19,MALAYS
2014-10,15  -  19,MALAYS
2014-10,15  -  19,OTHERS
2014-10,15  -  19,OTHERS
2014-10,20  -  24,CHINESE
2014-10,20  -  24,CHINESE
2014-10,20  -  24,INDIANS
2014-10,20  -  24,INDIANS
2014-10,20  -  24,MALAYS
2014-10,20  -  24,MALAYS
2014-10,20  -  24,OTHERS
2014-10,20  -  24,OTHERS
2014-10,25  -  29,CHINESE
2014-10,25  -  29,CHINESE
2014-10,25  -  29,INDIANS
2014-10,25  -  29,INDIANS
2014-10,25  -  29,MALAYS
2014-10,25  -  29,MALAYS
2014-10,25  -  29,OTHERS
2014-10,25  -  29,OTHERS
2014-10,30  -  34,CHINESE
2014-10,30  -  34,CHINESE
2014-10,30  -  34,INDIANS
2014-10,30  -  34,INDIANS
2014-10,30  -  34,MALAYS
2014-10,30  -  34,MALAYS
2014-10,30  -  34,OTHERS
2014-10,30  -  34,OTHERS
2014-10,35  -  39,CHINESE
2014-10,35  -  39,CHINESE
2014-10,35  -  39,INDIANS
2014-10,35  -  39,INDIANS
2014-10,35  -  39,MALAYS
2014-10,35  -  39,MALAYS
2014-10,35  -  39,OTHERS
2014-10,35  -  39,OTHERS
2014-10,40  -  44,CHINESE
2014-10,40  -  44,CHINESE
2014-10,40  -  44,INDIANS
2014-10,40  -  44,INDIANS
2014-10,40  -  44,MALAYS
2014-10,40  -  44,MALAYS
2014-10,40  -  44,OTHERS
2014-10,40  -  44,OTHERS
2014-10,45  -  49,CHINESE
2014-10,45  -  49,CHINESE
2014-10,45  -  49,INDIANS
2014-10,45  -  49,OTHERS
2014-10,45  -  49,OTHERS
2014-10,Under 15,MALAYS
2014-11,15  -  19,CHINESE
2014-11,15  -  19,CHINESE
2014-11,15  -  19,INDIANS
2014-11,15  -  19,INDIANS
2014-11,15  -  19,MALAYS
2014-11,15  -  19,MALAYS
2014-11,15  -  19,OTHERS
2014-11,15  -  19,OTHERS
2014-11,20  -  24,CHINESE
2014-11,20  -  24,CHINESE
2014-11,20  -  24,INDIANS
2014-11,20  -  24,INDIANS
2014-11,20  -  24,MALAYS
2014-11,20  -  24,MALAYS
2014-11,20  -  24,OTHERS
2014-11,20  -  24,OTHERS
2014-11,25  -  29,CHINESE
2014-11,25  -  29,CHINESE
2014-11,25  -  29,INDIANS
2014-11,25  -  29,INDIANS
2014-11,25  -  29,MALAYS
2014-11,25  -  29,MALAYS
2014-11,25  -  29,OTHERS
2014-11,25  -  29,OTHERS
2014-11,30  -  34,CHINESE
2014-11,30  -  34,CHINESE
2014-11,30  -  34,INDIANS
2014-11,30  -  34,INDIANS
2014-11,30  -  34,MALAYS
2014-11,30  -  34,MALAYS
2014-11,30  -  34,OTHERS
2014-11,30  -  34,OTHERS
2014-11,35  -  39,CHINESE
2014-11,35  -  39,CHINESE
2014-11,35  -  39,INDIANS
2014-11,35  -  39,INDIANS
2014-11,35  -  39,MALAYS
2014-11,35  -  39,MALAYS
2014-11,35  -  39,OTHERS
2014-11,35  -  39,OTHERS
2014-11,40  -  44,CHINESE
2014-11,40  -  44,CHINESE
2014-11,40  -  44,INDIANS
2014-11,40  -  44,INDIANS
2014-11,40  -  44,MALAYS
2014-11,40  -  44,MALAYS
2014-11,40  -  44,OTHERS
2014-11,40  -  44,OTHERS
2014-11,45  -  49,CHINESE
2014-11,45  -  49,MALAYS
2014-11,45  -  49,MALAYS
2014-12,15  -  19,CHINESE
2014-12,15  -  19,CHINESE
2014-12,15  -  19,INDIANS
2014-12,15  -  19,MALAYS
2014-12,15  -  19,MALAYS
2014-12,20  -  24,CHINESE
2014-12,20  -  24,CHINESE
2014-12,20  -  24,INDIANS
2014-12,20  -  24,INDIANS
2014-12,20  -  24,MALAYS
2014-12,20  -  24,MALAYS
2014-12,20  -  24,OTHERS
2014-12,20  -  24,OTHERS
2014-12,25  -  29,CHINESE
2014-12,25  -  29,CHINESE
2014-12,25  -  29,INDIANS
2014-12,25  -  29,INDIANS
2014-12,25  -  29,MALAYS
2014-12,25  -  29,MALAYS
2014-12,25  -  29,OTHERS
2014-12,25  -  29,OTHERS
2014-12,30  -  34,CHINESE
2014-12,30  -  34,CHINESE
2014-12,30  -  34,INDIANS
2014-12,30  -  34,INDIANS
2014-12,30  -  34,MALAYS
2014-12,30  -  34,MALAYS
2014-12,30  -  34,OTHERS
2014-12,30  -  34,OTHERS
2014-12,35  -  39,CHINESE
2014-12,35  -  39,CHINESE
2014-12,35  -  39,INDIANS
2014-12,35  -  39,INDIANS
2014-12,35  -  39,MALAYS
2014-12,35  -  39,MALAYS
2014-12,35  -  39,OTHERS
2014-12,35  -  39,OTHERS
2014-12,40  -  44,CHINESE
2014-12,40  -  44,CHINESE
2014-12,40  -  44,INDIANS
2014-12,40  -  44,INDIANS
2014-12,40  -  44,MALAYS
2014-12,40  -  44,MALAYS
2014-12,40  -  44,OTHERS
2014-12,40  -  44,OTHERS
2014-12,45  -  49,CHINESE
2014-12,45  -  49,OTHERS
2014-12,50  -  54,CHINESE
2014-12,Under 15,MALAYS
2015-01,15  -  19,CHINESE
2015-01,15  -  19,CHINESE
2015-01,15  -  19,INDIANS
2015-01,15  -  19,INDIANS
2015-01,15  -  19,MALAYS
2015-01,15  -  19,MALAYS
2015-01,15  -  19,OTHERS
2015-01,15  -  19,OTHERS
2015-01,20  -  24,CHINESE
2015-01,20  -  24,CHINESE
2015-01,20  -  24,INDIANS
2015-01,20  -  24,INDIANS
2015-01,20  -  24,MALAYS
2015-01,20  -  24,MALAYS
2015-01,20  -  24,OTHERS
2015-01,20  -  24,OTHERS
2015-01,25  -  29,CHINESE
2015-01,25  -  29,CHINESE
2015-01,25  -  29,INDIANS
2015-01,25  -  29,INDIANS
2015-01,25  -  29,MALAYS
2015-01,25  -  29,MALAYS
2015-01,25  -  29,OTHERS
2015-01,25  -  29,OTHERS
2015-01,30  -  34,CHINESE
2015-01,30  -  34,CHINESE
2015-01,30  -  34,INDIANS
2015-01,30  -  34,INDIANS
2015-01,30  -  34,MALAYS
2015-01,30  -  34,MALAYS
2015-01,30  -  34,OTHERS
2015-01,30  -  34,OTHERS
2015-01,35  -  39,CHINESE
2015-01,35  -  39,CHINESE
2015-01,35  -  39,INDIANS
2015-01,35  -  39,INDIANS
2015-01,35  -  39,MALAYS
2015-01,35  -  39,MALAYS
2015-01,35  -  39,OTHERS
2015-01,35  -  39,OTHERS
2015-01,40  -  44,CHINESE
2015-01,40  -  44,CHINESE
2015-01,40  -  44,INDIANS
2015-01,40  -  44,INDIANS
2015-01,40  -  44,MALAYS
2015-01,40  -  44,MALAYS
2015-01,40  -  44,OTHERS
2015-01,40  -  44,OTHERS
2015-01,45  -  49,CHINESE
2015-01,45  -  49,CHINESE
2015-01,45  -  49,MALAYS
2015-02,15  -  19,CHINESE
2015-02,15  -  19,CHINESE
2015-02,15  -  19,MALAYS
2015-02,15  -  19,MALAYS
2015-02,15  -  19,OTHERS
2015-02,15  -  19,OTHERS
2015-02,20  -  24,CHINESE
2015-02,20  -  24,CHINESE
2015-02,20  -  24,INDIANS
2015-02,20  -  24,INDIANS
2015-02,20  -  24,MALAYS
2015-02,20  -  24,MALAYS
2015-02,20  -  24,OTHERS
2015-02,20  -  24,OTHERS
2015-02,25  -  29,CHINESE
2015-02,25  -  29,CHINESE
2015-02,25  -  29,INDIANS
2015-02,25  -  29,INDIANS
2015-02,25  -  29,MALAYS
2015-02,25  -  29,MALAYS
2015-02,25  -  29,OTHERS
2015-02,25  -  29,OTHERS
2015-02,30  -  34,CHINESE
2015-02,30  -  34,CHINESE
2015-02,30  -  34,INDIANS
2015-02,30  -  34,INDIANS
2015-02,30  -  34,MALAYS
2015-02,30  -  34,MALAYS
2015-02,30  -  34,OTHERS
2015-02,30  -  34,OTHERS
2015-02,35  -  39,CHINESE
2015-02,35  -  39,CHINESE
2015-02,35  -  39,INDIANS
2015-02,35  -  39,INDIANS
2015-02,35  -  39,MALAYS
2015-02,35  -  39,MALAYS
2015-02,35  -  39,OTHERS
2015-02,35  -  39,OTHERS
2015-02,40  -  44,CHINESE
2015-02,40  -  44,CHINESE
2015-02,40  -  44,INDIANS
2015-02,40  -  44,INDIANS
2015-02,40  -  44,MALAYS
2015-02,40  -  44,MALAYS
2015-02,40  -  44,OTHERS
2015-02,40  -  44,OTHERS
2015-02,45  -  49,CHINESE
2015-02,45  -  49,CHINESE
2015-02,Under 15,CHINESE
2015-02,Under 15,INDIANS
2015-03,15  -  19,CHINESE
2015-03,15  -  19,CHINESE
2015-03,15  -  19,INDIANS
2015-03,15  -  19,MALAYS
2015-03,15  -  19,MALAYS
2015-03,15  -  19,OTHERS
2015-03,15  -  19,OTHERS
2015-03,20  -  24,CHINESE
2015-03,20  -  24,CHINESE
2015-03,20  -  24,INDIANS
2015-03,20  -  24,INDIANS
2015-03,20  -  24,MALAYS
2015-03,20  -  24,MALAYS
2015-03,20  -  24,OTHERS
2015-03,20  -  24,OTHERS
2015-03,25  -  29,CHINESE
2015-03,25  -  29,CHINESE
2015-03,25  -  29,INDIANS
2015-03,25  -  29,INDIANS
2015-03,25  -  29,MALAYS
2015-03,25  -  29,MALAYS
2015-03,25  -  29,OTHERS
2015-03,25  -  29,OTHERS
2015-03,30  -  34,CHINESE
2015-03,30  -  34,CHINESE
2015-03,30  -  34,INDIANS
2015-03,30  -  34,INDIANS
2015-03,30  -  34,MALAYS
2015-03,30  -  34,MALAYS
2015-03,30  -  34,OTHERS
2015-03,30  -  34,OTHERS
2015-03,35  -  39,CHINESE
2015-03,35  -  39,CHINESE
2015-03,35  -  39,INDIANS
2015-03,35  -  39,INDIANS
2015-03,35  -  39,MALAYS
2015-03,35  -  39,MALAYS
2015-03,35  -  39,OTHERS
2015-03,35  -  39,OTHERS
2015-03,40  -  44,CHINESE
2015-03,40  -  44,CHINESE
2015-03,40  -  44,INDIANS
2015-03,40  -  44,INDIANS
2015-03,40  -  44,MALAYS
2015-03,40  -  44,MALAYS
2015-03,40  -  44,OTHERS
2015-03,40  -  44,OTHERS
2015-03,45  -  49,CHINESE
2015-03,45  -  49,CHINESE
2015-03,45  -  49,OTHERS
2015-04,15  -  19,CHINESE
2015-04,15  -  19,CHINESE
2015-04,15  -  19,INDIANS
2015-04,15  -  19,INDIANS
2015-04,15  -  19,MALAYS
2015-04,15  -  19,MALAYS
2015-04,15  -  19,OTHERS
2015-04,20  -  24,CHINESE
2015-04,20  -  24,CHINESE
2015-04,20  -  24,INDIANS
2015-04,20  -  24,INDIANS
2015-04,20  -  24,MALAYS
2015-04,20  -  24,MALAYS
2015-04,20  -  24,OTHERS
2015-04,20  -  24,OTHERS
2015-04,25  -  29,CHINESE
2015-04,25  -  29,CHINESE
2015-04,25  -  29,INDIANS
2015-04,25  -  29,INDIANS
2015-04,25  -  29,MALAYS
2015-04,25  -  29,MALAYS
2015-04,25  -  29,OTHERS
2015-04,25  -  29,OTHERS
2015-04,30  -  34,CHINESE
2015-04,30  -  34,CHINESE
2015-04,30  -  34,INDIANS
2015-04,30  -  34,INDIANS
2015-04,30  -  34,MALAYS
2015-04,30  -  34,MALAYS
2015-04,30  -  34,OTHERS
2015-04,30  -  34,OTHERS
2015-04,35  -  39,CHINESE
2015-04,35  -  39,CHINESE
2015-04,35  -  39,INDIANS
2015-04,35  -  39,INDIANS
2015-04,35  -  39,MALAYS
2015-04,35  -  39,MALAYS
2015-04,35  -  39,OTHERS
2015-04,35  -  39,OTHERS
2015-04,40  -  44,CHINESE
2015-04,40  -  44,CHINESE
2015-04,40  -  44,INDIANS
2015-04,40  -  44,INDIANS
2015-04,40  -  44,MALAYS
2015-04,40  -  44,MALAYS
2015-04,40  -  44,OTHERS
2015-04,40  -  44,OTHERS
2015-04,45  -  49,CHINESE
2015-05,15  -  19,CHINESE
2015-05,15  -  19,CHINESE
2015-05,15  -  19,INDIANS
2015-05,15  -  19,INDIANS
2015-05,15  -  19,MALAYS
2015-05,15  -  19,MALAYS
2015-05,15  -  19,OTHERS
2015-05,20  -  24,CHINESE
2015-05,20  -  24,CHINESE
2015-05,20  -  24,INDIANS
2015-05,20  -  24,INDIANS
2015-05,20  -  24,MALAYS
2015-05,20  -  24,MALAYS
2015-05,20  -  24,OTHERS
2015-05,20  -  24,OTHERS
2015-05,25  -  29,CHINESE
2015-05,25  -  29,CHINESE
2015-05,25  -  29,INDIANS
2015-05,25  -  29,INDIANS
2015-05,25  -  29,MALAYS
2015-05,25  -  29,MALAYS
2015-05,25  -  29,OTHERS
2015-05,25  -  29,OTHERS
2015-05,30  -  34,CHINESE
2015-05,30  -  34,CHINESE
2015-05,30  -  34,INDIANS
2015-05,30  -  34,INDIANS
2015-05,30  -  34,MALAYS
2015-05,30  -  34,MALAYS
2015-05,30  -  34,OTHERS
2015-05,30  -  34,OTHERS
2015-05,35  -  39,CHINESE
2015-05,35  -  39,CHINESE
2015-05,35  -  39,INDIANS
2015-05,35  -  39,INDIANS
2015-05,35  -  39,MALAYS
2015-05,35  -  39,MALAYS
2015-05,35  -  39,OTHERS
2015-05,35  -  39,OTHERS
2015-05,40  -  44,CHINESE
2015-05,40  -  44,CHINESE
2015-05,40  -  44,INDIANS
2015-05,40  -  44,INDIANS
2015-05,40  -  44,MALAYS
2015-05,40  -  44,MALAYS
2015-05,40  -  44,OTHERS
2015-05,40  -  44,OTHERS
2015-05,45  -  49,CHINESE
2015-05,45  -  49,CHINESE
2015-05,45  -  49,MALAYS
2015-05,45  -  49,OTHERS
2015-06,15  -  19,CHINESE
2015-06,15  -  19,CHINESE
2015-06,15  -  19,INDIANS
2015-06,15  -  19,INDIANS
2015-06,15  -  19,MALAYS
2015-06,15  -  19,MALAYS
2015-06,20  -  24,CHINESE
2015-06,20  -  24,CHINESE
2015-06,20  -  24,INDIANS
2015-06,20  -  24,INDIANS
2015-06,20  -  24,MALAYS
2015-06,20  -  24,MALAYS
2015-06,20  -  24,OTHERS
2015-06,20  -  24,OTHERS
2015-06,25  -  29,CHINESE
2015-06,25  -  29,CHINESE
2015-06,25  -  29,INDIANS
2015-06,25  -  29,INDIANS
2015-06,25  -  29,MALAYS
2015-06,25  -  29,MALAYS
2015-06,25  -  29,OTHERS
2015-06,25  -  29,OTHERS
2015-06,30  -  34,CHINESE
2015-06,30  -  34,CHINESE
2015-06,30  -  34,INDIANS
2015-06,30  -  34,INDIANS
2015-06,30  -  34,MALAYS
2015-06,30  -  34,MALAYS
2015-06,30  -  34,OTHERS
2015-06,30  -  34,OTHERS
2015-06,35  -  39,CHINESE
2015-06,35  -  39,CHINESE
2015-06,35  -  39,INDIANS
2015-06,35  -  39,INDIANS
2015-06,35  -  39,MALAYS
2015-06,35  -  39,MALAYS
2015-06,35  -  39,OTHERS
2015-06,35  -  39,OTHERS
2015-06,40  -  44,CHINESE
2015-06,40  -  44,CHINESE
2015-06,40  -  44,INDIANS
2015-06,40  -  44,INDIANS
2015-06,40  -  44,MALAYS
2015-06,40  -  44,MALAYS
2015-06,40  -  44,OTHERS
2015-06,40  -  44,OTHERS
2015-06,45  -  49,CHINESE
2015-06,45  -  49,INDIANS
2015-06,45  -  49,MALAYS
2015-07,15  -  19,CHINESE
2015-07,15  -  19,CHINESE
2015-07,15  -  19,INDIANS
2015-07,15  -  19,INDIANS
2015-07,15  -  19,MALAYS
2015-07,15  -  19,MALAYS
2015-07,15  -  19,OTHERS
2015-07,20  -  24,CHINESE
2015-07,20  -  24,CHINESE
2015-07,20  -  24,INDIANS
2015-07,20  -  24,INDIANS
2015-07,20  -  24,MALAYS
2015-07,20  -  24,MALAYS
2015-07,20  -  24,OTHERS
2015-07,20  -  24,OTHERS
2015-07,25  -  29,CHINESE
2015-07,25  -  29,CHINESE
2015-07,25  -  29,INDIANS
2015-07,25  -  29,INDIANS
2015-07,25  -  29,MALAYS
2015-07,25  -  29,MALAYS
2015-07,25  -  29,OTHERS
2015-07,25  -  29,OTHERS
2015-07,30  -  34,CHINESE
2015-07,30  -  34,CHINESE
2015-07,30  -  34,INDIANS
2015-07,30  -  34,INDIANS
2015-07,30  -  34,MALAYS
2015-07,30  -  34,MALAYS
2015-07,30  -  34,OTHERS
2015-07,30  -  34,OTHERS
2015-07,35  -  39,CHINESE
2015-07,35  -  39,CHINESE
2015-07,35  -  39,INDIANS
2015-07,35  -  39,INDIANS
2015-07,35  -  39,MALAYS
2015-07,35  -  39,MALAYS
2015-07,35  -  39,OTHERS
2015-07,35  -  39,OTHERS
2015-07,40  -  44,CHINESE
2015-07,40  -  44,CHINESE
2015-07,40  -  44,INDIANS
2015-07,40  -  44,INDIANS
2015-07,40  -  44,MALAYS
2015-07,40  -  44,OTHERS
2015-07,40  -  44,OTHERS
2015-07,45  -  49,CHINESE
2015-07,45  -  49,CHINESE
2015-07,45  -  49,OTHERS
2015-07,50  -  54,CHINESE
2015-08,15  -  19,CHINESE
2015-08,15  -  19,CHINESE
2015-08,15  -  19,INDIANS
2015-08,15  -  19,MALAYS
2015-08,15  -  19,MALAYS
2015-08,15  -  19,OTHERS
2015-08,15  -  19,OTHERS
2015-08,20  -  24,CHINESE
2015-08,20  -  24,CHINESE
2015-08,20  -  24,INDIANS
2015-08,20  -  24,INDIANS
2015-08,20  -  24,MALAYS
2015-08,20  -  24,MALAYS
2015-08,20  -  24,OTHERS
2015-08,20  -  24,OTHERS
2015-08,25  -  29,CHINESE
2015-08,25  -  29,CHINESE
2015-08,25  -  29,INDIANS
2015-08,25  -  29,INDIANS
2015-08,25  -  29,MALAYS
2015-08,25  -  29,MALAYS
2015-08,25  -  29,OTHERS
2015-08,25  -  29,OTHERS
2015-08,30  -  34,CHINESE
2015-08,30  -  34,CHINESE
2015-08,30  -  34,INDIANS
2015-08,30  -  34,INDIANS
2015-08,30  -  34,MALAYS
2015-08,30  -  34,MALAYS
2015-08,30  -  34,OTHERS
2015-08,30  -  34,OTHERS
2015-08,35  -  39,CHINESE
2015-08,35  -  39,CHINESE
2015-08,35  -  39,INDIANS
2015-08,35  -  39,INDIANS
2015-08,35  -  39,MALAYS
2015-08,35  -  39,MALAYS
2015-08,35  -  39,OTHERS
2015-08,35  -  39,OTHERS
2015-08,40  -  44,CHINESE
2015-08,40  -  44,CHINESE
2015-08,40  -  44,INDIANS
2015-08,40  -  44,INDIANS
2015-08,40  -  44,MALAYS
2015-08,40  -  44,MALAYS
2015-08,40  -  44,OTHERS
2015-08,40  -  44,OTHERS
2015-08,45  -  49,CHINESE
2015-08,45  -  49,CHINESE
2015-08,45  -  49,MALAYS
2015-08,50  -  54,CHINESE
2015-08,Under 15,INDIANS
2015-08,Under 15,MALAYS
2015-09,15  -  19,CHINESE
2015-09,15  -  19,CHINESE
2015-09,15  -  19,INDIANS
2015-09,15  -  19,INDIANS
2015-09,15  -  19,MALAYS
2015-09,15  -  19,MALAYS
2015-09,20  -  24,CHINESE
2015-09,20  -  24,CHINESE
2015-09,20  -  24,INDIANS
2015-09,20  -  24,INDIANS
2015-09,20  -  24,MALAYS
2015-09,20  -  24,MALAYS
2015-09,20  -  24,OTHERS
2015-09,20  -  24,OTHERS
2015-09,25  -  29,CHINESE
2015-09,25  -  29,CHINESE
2015-09,25  -  29,INDIANS
2015-09,25  -  29,INDIANS
2015-09,25  -  29,MALAYS
2015-09,25  -  29,MALAYS
2015-09,25  -  29,OTHERS
2015-09,25  -  29,OTHERS
2015-09,30  -  34,CHINESE
2015-09,30  -  34,CHINESE
2015-09,30  -  34,INDIANS
2015-09,30  -  34,INDIANS
2015-09,30  -  34,MALAYS
2015-09,30  -  34,MALAYS
2015-09,30  -  34,OTHERS
2015-09,30  -  34,OTHERS
2015-09,35  -  39,CHINESE
2015-09,35  -  39,CHINESE
2015-09,35  -  39,INDIANS
2015-09,35  -  39,INDIANS
2015-09,35  -  39,MALAYS
2015-09,35  -  39,MALAYS
2015-09,35  -  39,OTHERS
2015-09,35  -  39,OTHERS
2015-09,40  -  44,CHINESE
2015-09,40  -  44,CHINESE
2015-09,40  -  44,INDIANS
2015-09,40  -  44,INDIANS
2015-09,40  -  44,MALAYS
2015-09,40  -  44,MALAYS
2015-09,40  -  44,OTHERS
2015-09,40  -  44,OTHERS
2015-09,45  -  49,CHINESE
2015-09,45  -  49,CHINESE
2015-09,45  -  49,INDIANS
2015-09,45  -  49,OTHERS
2015-09,Under 15,MALAYS
2015-10,15  -  19,CHINESE
2015-10,15  -  19,CHINESE
2015-10,15  -  19,INDIANS
2015-10,15  -  19,INDIANS
2015-10,15  -  19,MALAYS
2015-10,15  -  19,MALAYS
2015-10,15  -  19,OTHERS
2015-10,15  -  19,OTHERS
2015-10,20  -  24,CHINESE
2015-10,20  -  24,CHINESE
2015-10,20  -  24,INDIANS
2015-10,20  -  24,INDIANS
2015-10,20  -  24,MALAYS
2015-10,20  -  24,MALAYS
2015-10,20  -  24,OTHERS
2015-10,20  -  24,OTHERS
2015-10,25  -  29,CHINESE
2015-10,25  -  29,CHINESE
2015-10,25  -  29,INDIANS
2015-10,25  -  29,INDIANS
2015-10,25  -  29,MALAYS
2015-10,25  -  29,MALAYS
2015-10,25  -  29,OTHERS
2015-10,25  -  29,OTHERS
2015-10,30  -  34,CHINESE
2015-10,30  -  34,CHINESE
2015-10,30  -  34,INDIANS
2015-10,30  -  34,INDIANS
2015-10,30  -  34,MALAYS
2015-10,30  -  34,MALAYS
2015-10,30  -  34,OTHERS
2015-10,30  -  34,OTHERS
2015-10,35  -  39,CHINESE
2015-10,35  -  39,CHINESE
2015-10,35  -  39,INDIANS
2015-10,35  -  39,INDIANS
2015-10,35  -  39,MALAYS
2015-10,35  -  39,MALAYS
2015-10,35  -  39,OTHERS
2015-10,35  -  39,OTHERS
2015-10,40  -  44,CHINESE
2015-10,40  -  44,CHINESE
2015-10,40  -  44,INDIANS
2015-10,40  -  44,INDIANS
2015-10,40  -  44,MALAYS
2015-10,40  -  44,MALAYS
2015-10,40  -  44,OTHERS
2015-10,40  -  44,OTHERS
2015-10,45  -  49,CHINESE
2015-10,45  -  49,CHINESE
2015-10,45  -  49,OTHERS
2015-11,15  -  19,CHINESE
2015-11,15  -  19,CHINESE
2015-11,15  -  19,INDIANS
2015-11,15  -  19,MALAYS
2015-11,15  -  19,MALAYS
2015-11,20  -  24,CHINESE
2015-11,20  -  24,CHINESE
2015-11,20  -  24,INDIANS
2015-11,20  -  24,INDIANS
2015-11,20  -  24,MALAYS
2015-11,20  -  24,MALAYS
2015-11,20  -  24,OTHERS
2015-11,20  -  24,OTHERS
2015-11,25  -  29,CHINESE
2015-11,25  -  29,CHINESE
2015-11,25  -  29,INDIANS
2015-11,25  -  29,INDIANS
2015-11,25  -  29,MALAYS
2015-11,25  -  29,MALAYS
2015-11,25  -  29,OTHERS
2015-11,25  -  29,OTHERS
2015-11,30  -  34,CHINESE
2015-11,30  -  34,CHINESE
2015-11,30  -  34,INDIANS
2015-11,30  -  34,INDIANS
2015-11,30  -  34,MALAYS
2015-11,30  -  34,MALAYS
2015-11,30  -  34,OTHERS
2015-11,30  -  34,OTHERS
2015-11,35  -  39,CHINESE
2015-11,35  -  39,CHINESE
2015-11,35  -  39,INDIANS
2015-11,35  -  39,INDIANS
2015-11,35  -  39,MALAYS
2015-11,35  -  39,MALAYS
2015-11,35  -  39,OTHERS
2015-11,35  -  39,OTHERS
2015-11,40  -  44,CHINESE
2015-11,40  -  44,CHINESE
2015-11,40  -  44,INDIANS
2015-11,40  -  44,INDIANS
2015-11,40  -  44,MALAYS
2015-11,40  -  44,MALAYS
2015-11,40  -  44,OTHERS
2015-11,40  -  44,OTHERS
2015-11,45  -  49,CHINESE
2015-11,45  -  49,CHINESE
2015-11,45  -  49,OTHERS
2015-11,45  -  49,OTHERS
2015-11,50  -  54,CHINESE
2015-11,Under 15,CHINESE
2015-11,Under 15,MALAYS
2015-12,15  -  19,CHINESE
2015-12,15  -  19,CHINESE
2015-12,15  -  19,INDIANS
2015-12,15  -  19,MALAYS
2015-12,15  -  19,MALAYS
2015-12,15  -  19,OTHERS
2015-12,15  -  19,OTHERS
2015-12,20  -  24,CHINESE
2015-12,20  -  24,CHINESE
2015-12,20  -  24,INDIANS
2015-12,20  -  24,INDIANS
2015-12,20  -  24,MALAYS
2015-12,20  -  24,MALAYS
2015-12,20  -  24,OTHERS
2015-12,20  -  24,OTHERS
2015-12,25  -  29,CHINESE
2015-12,25  -  29,CHINESE
2015-12,25  -  29,INDIANS
2015-12,25  -  29,INDIANS
2015-12,25  -  29,MALAYS
2015-12,25  -  29,MALAYS
2015-12,25  -  29,OTHERS
2015-12,25  -  29,OTHERS
2015-12,30  -  34,CHINESE
2015-12,30  -  34,CHINESE
2015-12,30  -  34,INDIANS
2015-12,30  -  34,INDIANS
2015-12,30  -  34,MALAYS
2015-12,30  -  34,MALAYS
2015-12,30  -  34,OTHERS
2015-12,30  -  34,OTHERS
2015-12,35  -  39,CHINESE
2015-12,35  -  39,CHINESE
2015-12,35  -  39,INDIANS
2015-12,35  -  39,INDIANS
2015-12,35  -  39,MALAYS
2015-12,35  -  39,MALAYS
2015-12,35  -  39,OTHERS
2015-12,35  -  39,OTHERS
2015-12,40  -  44,CHINESE
2015-12,40  -  44,CHINESE
2015-12,40  -  44,INDIANS
2015-12,40  -  44,INDIANS
2015-12,40  -  44,MALAYS
2015-12,40  -  44,MALAYS
2015-12,40  -  44,OTHERS
2015-12,40  -  44,OTHERS
2015-12,45  -  49,CHINESE
2015-12,45  -  49,CHINESE
2015-12,45  -  49,MALAYS
2015-12,50  -  54,CHINESE
2015-12,50  -  54,OTHERS
2016-01,15  -  19,CHINESE
2016-01,15  -  19,CHINESE
2016-01,15  -  19,INDIANS
2016-01,15  -  19,INDIANS
2016-01,15  -  19,MALAYS
2016-01,15  -  19,MALAYS
2016-01,15  -  19,OTHERS
2016-01,20  -  24,CHINESE
2016-01,20  -  24,CHINESE
2016-01,20  -  24,INDIANS
2016-01,20  -  24,INDIANS
2016-01,20  -  24,MALAYS
2016-01,20  -  24,MALAYS
2016-01,20  -  24,OTHERS
2016-01,20  -  24,OTHERS
2016-01,25  -  29,CHINESE
2016-01,25  -  29,CHINESE
2016-01,25  -  29,INDIANS
2016-01,25  -  29,INDIANS
2016-01,25  -  29,MALAYS
2016-01,25  -  29,MALAYS
2016-01,25  -  29,OTHERS
2016-01,25  -  29,OTHERS
2016-01,30  -  34,CHINESE
2016-01,30  -  34,CHINESE
2016-01,30  -  34,INDIANS
2016-01,30  -  34,INDIANS
2016-01,30  -  34,MALAYS
2016-01,30  -  34,MALAYS
2016-01,30  -  34,OTHERS
2016-01,30  -  34,OTHERS
2016-01,35  -  39,CHINESE
2016-01,35  -  39,CHINESE
2016-01,35  -  39,INDIANS
2016-01,35  -  39,INDIANS
2016-01,35  -  39,MALAYS
2016-01,35  -  39,MALAYS
2016-01,35  -  39,OTHERS
2016-01,35  -  39,OTHERS
2016-01,40  -  44,CHINESE
2016-01,40  -  44,CHINESE
2016-01,40  -  44,INDIANS
2016-01,40  -  44,INDIANS
2016-01,40  -  44,MALAYS
2016-01,40  -  44,MALAYS
2016-01,40  -  44,OTHERS
2016-01,40  -  44,OTHERS
2016-01,45  -  49,CHINESE
2016-01,45  -  49,CHINESE
2016-01,45  -  49,MALAYS
2016-01,45  -  49,MALAYS
2016-01,Under 15,MALAYS
2016-02,15  -  19,CHINESE
2016-02,15  -  19,CHINESE
2016-02,15  -  19,INDIANS
2016-02,15  -  19,INDIANS
2016-02,15  -  19,MALAYS
2016-02,15  -  19,MALAYS
2016-02,15  -  19,OTHERS
2016-02,15  -  19,OTHERS
2016-02,20  -  24,CHINESE
2016-02,20  -  24,CHINESE
2016-02,20  -  24,INDIANS
2016-02,20  -  24,INDIANS
2016-02,20  -  24,MALAYS
2016-02,20  -  24,MALAYS
2016-02,20  -  24,OTHERS
2016-02,20  -  24,OTHERS
2016-02,25  -  29,CHINESE
2016-02,25  -  29,CHINESE
2016-02,25  -  29,INDIANS
2016-02,25  -  29,INDIANS
2016-02,25  -  29,MALAYS
2016-02,25  -  29,MALAYS
2016-02,25  -  29,OTHERS
2016-02,25  -  29,OTHERS
2016-02,30  -  34,CHINESE
2016-02,30  -  34,CHINESE
2016-02,30  -  34,INDIANS
2016-02,30  -  34,INDIANS
2016-02,30  -  34,MALAYS
2016-02,30  -  34,MALAYS
2016-02,30  -  34,OTHERS
2016-02,30  -  34,OTHERS
2016-02,35  -  39,CHINESE
2016-02,35  -  39,CHINESE
2016-02,35  -  39,INDIANS
2016-02,35  -  39,INDIANS
2016-02,35  -  39,MALAYS
2016-02,35  -  39,MALAYS
2016-02,35  -  39,OTHERS
2016-02,35  -  39,OTHERS
2016-02,40  -  44,CHINESE
2016-02,40  -  44,CHINESE
2016-02,40  -  44,INDIANS
2016-02,40  -  44,MALAYS
2016-02,40  -  44,MALAYS
2016-02,40  -  44,OTHERS
2016-02,40  -  44,OTHERS
2016-02,45  -  49,CHINESE
2016-02,45  -  49,OTHERS
2016-02,45  -  49,OTHERS
2016-02,50  -  54,CHINESE
2016-02,Under 15,CHINESE
2016-03,15  -  19,CHINESE
2016-03,15  -  19,CHINESE
2016-03,15  -  19,INDIANS
2016-03,15  -  19,INDIANS
2016-03,15  -  19,MALAYS
2016-03,15  -  19,MALAYS
2016-03,15  -  19,OTHERS
2016-03,15  -  19,OTHERS
2016-03,20  -  24,CHINESE
2016-03,20  -  24,CHINESE
2016-03,20  -  24,INDIANS
2016-03,20  -  24,INDIANS
2016-03,20  -  24,MALAYS
2016-03,20  -  24,MALAYS
2016-03,20  -  24,OTHERS
2016-03,20  -  24,OTHERS
2016-03,25  -  29,CHINESE
2016-03,25  -  29,CHINESE
2016-03,25  -  29,INDIANS
2016-03,25  -  29,INDIANS
2016-03,25  -  29,MALAYS
2016-03,25  -  29,MALAYS
2016-03,25  -  29,OTHERS
2016-03,25  -  29,OTHERS
2016-03,30  -  34,CHINESE
2016-03,30  -  34,CHINESE
2016-03,30  -  34,INDIANS
2016-03,30  -  34,INDIANS
2016-03,30  -  34,MALAYS
2016-03,30  -  34,MALAYS
2016-03,30  -  34,OTHERS
2016-03,30  -  34,OTHERS
2016-03,35  -  39,CHINESE
2016-03,35  -  39,CHINESE
2016-03,35  -  39,INDIANS
2016-03,35  -  39,INDIANS
2016-03,35  -  39,MALAYS
2016-03,35  -  39,MALAYS
2016-03,35  -  39,OTHERS
2016-03,35  -  39,OTHERS
2016-03,40  -  44,CHINESE
2016-03,40  -  44,CHINESE
2016-03,40  -  44,INDIANS
2016-03,40  -  44,INDIANS
2016-03,40  -  44,MALAYS
2016-03,40  -  44,MALAYS
2016-03,40  -  44,OTHERS
2016-03,40  -  44,OTHERS
2016-03,45  -  49,CHINESE
2016-03,45  -  49,CHINESE
2016-03,45  -  49,INDIANS
2016-03,45  -  49,OTHERS
2016-03,45  -  49,OTHERS
2016-03,50  -  54,OTHERS
2016-04,15  -  19,CHINESE
2016-04,15  -  19,CHINESE
2016-04,15  -  19,INDIANS
2016-04,15  -  19,MALAYS
2016-04,15  -  19,MALAYS
2016-04,15  -  19,OTHERS
2016-04,15  -  19,OTHERS
2016-04,20  -  24,CHINESE
2016-04,20  -  24,CHINESE
2016-04,20  -  24,INDIANS
2016-04,20  -  24,INDIANS
2016-04,20  -  24,MALAYS
2016-04,20  -  24,MALAYS
2016-04,20  -  24,OTHERS
2016-04,20  -  24,OTHERS
2016-04,25  -  29,CHINESE
2016-04,25  -  29,CHINESE
2016-04,25  -  29,INDIANS
2016-04,25  -  29,INDIANS
2016-04,25  -  29,MALAYS
2016-04,25  -  29,MALAYS
2016-04,25  -  29,OTHERS
2016-04,25  -  29,OTHERS
2016-04,30  -  34,CHINESE
2016-04,30  -  34,CHINESE
2016-04,30  -  34,INDIANS
2016-04,30  -  34,INDIANS
2016-04,30  -  34,MALAYS
2016-04,30  -  34,MALAYS
2016-04,30  -  34,OTHERS
2016-04,30  -  34,OTHERS
2016-04,35  -  39,CHINESE
2016-04,35  -  39,CHINESE
2016-04,35  -  39,INDIANS
2016-04,35  -  39,INDIANS
2016-04,35  -  39,MALAYS
2016-04,35  -  39,MALAYS
2016-04,35  -  39,OTHERS
2016-04,35  -  39,OTHERS
2016-04,40  -  44,CHINESE
2016-04,40  -  44,CHINESE
2016-04,40  -  44,INDIANS
2016-04,40  -  44,INDIANS
2016-04,40  -  44,MALAYS
2016-04,40  -  44,MALAYS
2016-04,40  -  44,OTHERS
2016-04,40  -  44,OTHERS
2016-04,45  -  49,INDIANS
2016-04,45  -  49,INDIANS
2016-04,45  -  49,OTHERS
2016-05,15  -  19,CHINESE
2016-05,15  -  19,CHINESE
2016-05,15  -  19,INDIANS
2016-05,15  -  19,INDIANS
2016-05,15  -  19,MALAYS
2016-05,15  -  19,MALAYS
2016-05,15  -  19,OTHERS
2016-05,20  -  24,CHINESE
2016-05,20  -  24,CHINESE
2016-05,20  -  24,INDIANS
2016-05,20  -  24,INDIANS
2016-05,20  -  24,MALAYS
2016-05,20  -  24,MALAYS
2016-05,20  -  24,OTHERS
2016-05,20  -  24,OTHERS
2016-05,25  -  29,CHINESE
2016-05,25  -  29,CHINESE
2016-05,25  -  29,INDIANS
2016-05,25  -  29,INDIANS
2016-05,25  -  29,MALAYS
2016-05,25  -  29,MALAYS
2016-05,25  -  29,OTHERS
2016-05,25  -  29,OTHERS
2016-05,30  -  34,CHINESE
2016-05,30  -  34,CHINESE
2016-05,30  -  34,INDIANS
2016-05,30  -  34,INDIANS
2016-05,30  -  34,MALAYS
2016-05,30  -  34,MALAYS
2016-05,30  -  34,OTHERS
2016-05,30  -  34,OTHERS
2016-05,35  -  39,CHINESE
2016-05,35  -  39,CHINESE
2016-05,35  -  39,INDIANS
2016-05,35  -  39,INDIANS
2016-05,35  -  39,MALAYS
2016-05,35  -  39,MALAYS
2016-05,35  -  39,OTHERS
2016-05,35  -  39,OTHERS
2016-05,40  -  44,CHINESE
2016-05,40  -  44,CHINESE
2016-05,40  -  44,INDIANS
2016-05,40  -  44,INDIANS
2016-05,40  -  44,MALAYS
2016-05,40  -  44,MALAYS
2016-05,40  -  44,OTHERS
2016-05,40  -  44,OTHERS
2016-05,45  -  49,CHINESE
2016-05,45  -  49,MALAYS
2016-05,45  -  49,OTHERS
2016-06,15  -  19,CHINESE
2016-06,15  -  19,CHINESE
2016-06,15  -  19,INDIANS
2016-06,15  -  19,MALAYS
2016-06,15  -  19,MALAYS
2016-06,15  -  19,OTHERS
2016-06,20  -  24,CHINESE
2016-06,20  -  24,CHINESE
2016-06,20  -  24,INDIANS
2016-06,20  -  24,INDIANS
2016-06,20  -  24,MALAYS
2016-06,20  -  24,MALAYS
2016-06,20  -  24,OTHERS
2016-06,20  -  24,OTHERS
2016-06,25  -  29,CHINESE
2016-06,25  -  29,CHINESE
2016-06,25  -  29,INDIANS
2016-06,25  -  29,INDIANS
2016-06,25  -  29,MALAYS
2016-06,25  -  29,MALAYS
2016-06,25  -  29,OTHERS
2016-06,25  -  29,OTHERS
2016-06,30  -  34,CHINESE
2016-06,30  -  34,CHINESE
2016-06,30  -  34,INDIANS
2016-06,30  -  34,INDIANS
2016-06,30  -  34,MALAYS
2016-06,30  -  34,MALAYS
2016-06,30  -  34,OTHERS
2016-06,30  -  34,OTHERS
2016-06,35  -  39,CHINESE
2016-06,35  -  39,CHINESE
2016-06,35  -  39,INDIANS
2016-06,35  -  39,INDIANS
2016-06,35  -  39,MALAYS
2016-06,35  -  39,MALAYS
2016-06,35  -  39,OTHERS
2016-06,35  -  39,OTHERS
2016-06,40  -  44,CHINESE
2016-06,40  -  44,CHINESE
2016-06,40  -  44,INDIANS
2016-06,40  -  44,INDIANS
2016-06,40  -  44,MALAYS
2016-06,40  -  44,MALAYS
2016-06,40  -  44,OTHERS
2016-06,40  -  44,OTHERS
2016-06,45  -  49,CHINESE
2016-06,45  -  49,INDIANS
2016-06,45  -  49,MALAYS
2016-06,45  -  49,MALAYS
2016-06,45  -  49,OTHERS
2016-06,45  -  49,OTHERS
2016-06,50  -  54,CHINESE
2016-06,Under 15,CHINESE
2016-06,Under 15,MALAYS
2016-07,15  -  19,CHINESE
2016-07,15  -  19,CHINESE
2016-07,15  -  19,INDIANS
2016-07,15  -  19,INDIANS
2016-07,15  -  19,MALAYS
2016-07,15  -  19,MALAYS
2016-07,15  -  19,OTHERS
2016-07,20  -  24,CHINESE
2016-07,20  -  24,CHINESE
2016-07,20  -  24,INDIANS
2016-07,20  -  24,INDIANS
2016-07,20  -  24,MALAYS
2016-07,20  -  24,MALAYS
2016-07,20  -  24,OTHERS
2016-07,20  -  24,OTHERS
2016-07,25  -  29,CHINESE
2016-07,25  -  29,CHINESE
2016-07,25  -  29,INDIANS
2016-07,25  -  29,INDIANS
2016-07,25  -  29,MALAYS
2016-07,25  -  29,MALAYS
2016-07,25  -  29,OTHERS
2016-07,25  -  29,OTHERS
2016-07,30  -  34,CHINESE
2016-07,30  -  34,CHINESE
2016-07,30  -  34,INDIANS
2016-07,30  -  34,INDIANS
2016-07,30  -  34,MALAYS
2016-07,30  -  34,MALAYS
2016-07,30  -  34,OTHERS
2016-07,30  -  34,OTHERS
2016-07,35  -  39,CHINESE
2016-07,35  -  39,CHINESE
2016-07,35  -  39,INDIANS
2016-07,35  -  39,INDIANS
2016-07,35  -  39,MALAYS
2016-07,35  -  39,MALAYS
2016-07,35  -  39,OTHERS
2016-07,35  -  39,OTHERS
2016-07,40  -  44,CHINESE
2016-07,40  -  44,CHINESE
2016-07,40  -  44,INDIANS
2016-07,40  -  44,INDIANS
2016-07,40  -  44,MALAYS
2016-07,40  -  44,MALAYS
2016-07,40  -  44,OTHERS
2016-07,40  -  44,OTHERS
2016-07,45  -  49,CHINESE
2016-07,45  -  49,CHINESE
2016-07,45  -  49,OTHERS
2016-08,15  -  19,CHINESE
2016-08,15  -  19,CHINESE
2016-08,15  -  19,INDIANS
2016-08,15  -  19,MALAYS
2016-08,15  -  19,MALAYS
2016-08,15  -  19,OTHERS
2016-08,20  -  24,CHINESE
2016-08,20  -  24,CHINESE
2016-08,20  -  24,INDIANS
2016-08,20  -  24,INDIANS
2016-08,20  -  24,MALAYS
2016-08,20  -  24,MALAYS
2016-08,20  -  24,OTHERS
2016-08,20  -  24,OTHERS
2016-08,25  -  29,CHINESE
2016-08,25  -  29,CHINESE
2016-08,25  -  29,INDIANS
2016-08,25  -  29,INDIANS
2016-08,25  -  29,MALAYS
2016-08,25  -  29,MALAYS
2016-08,25  -  29,OTHERS
2016-08,25  -  29,OTHERS
2016-08,30  -  34,CHINESE
2016-08,30  -  34,CHINESE
2016-08,30  -  34,INDIANS
2016-08,30  -  34,INDIANS
2016-08,30  -  34,MALAYS
2016-08,30  -  34,MALAYS
2016-08,30  -  34,OTHERS
2016-08,30  -  34,OTHERS
2016-08,35  -  39,CHINESE
2016-08,35  -  39,CHINESE
2016-08,35  -  39,INDIANS
2016-08,35  -  39,INDIANS
2016-08,35  -  39,MALAYS
2016-08,35  -  39,MALAYS
2016-08,35  -  39,OTHERS
2016-08,35  -  39,OTHERS
2016-08,40  -  44,CHINESE
2016-08,40  -  44,CHINESE
2016-08,40  -  44,INDIANS
2016-08,40  -  44,INDIANS
2016-08,40  -  44,MALAYS
2016-08,40  -  44,MALAYS
2016-08,40  -  44,OTHERS
2016-08,40  -  44,OTHERS
2016-08,45  -  49,CHINESE
2016-08,45  -  49,INDIANS
2016-08,45  -  49,INDIANS
2016-08,50  -  54,OTHERS
2016-08,55  -  59,CHINESE
2016-09,15  -  19,CHINESE
2016-09,15  -  19,CHINESE
2016-09,15  -  19,INDIANS
2016-09,15  -  19,INDIANS
2016-09,15  -  19,MALAYS
2016-09,15  -  19,MALAYS
2016-09,15  -  19,OTHERS
2016-09,20  -  24,CHINESE
2016-09,20  -  24,CHINESE
2016-09,20  -  24,INDIANS
2016-09,20  -  24,INDIANS
2016-09,20  -  24,MALAYS
2016-09,20  -  24,MALAYS
2016-09,20  -  24,OTHERS
2016-09,20  -  24,OTHERS
2016-09,25  -  29,CHINESE
2016-09,25  -  29,CHINESE
2016-09,25  -  29,INDIANS
2016-09,25  -  29,INDIANS
2016-09,25  -  29,MALAYS
2016-09,25  -  29,MALAYS
2016-09,25  -  29,OTHERS
2016-09,25  -  29,OTHERS
2016-09,30  -  34,CHINESE
2016-09,30  -  34,CHINESE
2016-09,30  -  34,INDIANS
2016-09,30  -  34,INDIANS
2016-09,30  -  34,MALAYS
2016-09,30  -  34,MALAYS
2016-09,30  -  34,OTHERS
2016-09,30  -  34,OTHERS
2016-09,35  -  39,CHINESE
2016-09,35  -  39,CHINESE
2016-09,35  -  39,INDIANS
2016-09,35  -  39,INDIANS
2016-09,35  -  39,MALAYS
2016-09,35  -  39,MALAYS
2016-09,35  -  39,OTHERS
2016-09,35  -  39,OTHERS
2016-09,40  -  44,CHINESE
2016-09,40  -  44,CHINESE
2016-09,40  -  44,INDIANS
2016-09,40  -  44,INDIANS
2016-09,40  -  44,MALAYS
2016-09,40  -  44,MALAYS
2016-09,40  -  44,OTHERS
2016-09,40  -  44,OTHERS
2016-09,45  -  49,CHINESE
2016-09,45  -  49,OTHERS
2016-09,Under 15,MALAYS
2016-10,15  -  19,CHINESE
2016-10,15  -  19,CHINESE
2016-10,15  -  19,INDIANS
2016-10,15  -  19,INDIANS
2016-10,15  -  19,MALAYS
2016-10,15  -  19,MALAYS
2016-10,15  -  19,OTHERS
2016-10,15  -  19,OTHERS
2016-10,20  -  24,CHINESE
2016-10,20  -  24,CHINESE
2016-10,20  -  24,INDIANS
2016-10,20  -  24,INDIANS
2016-10,20  -  24,MALAYS
2016-10,20  -  24,MALAYS
2016-10,20  -  24,OTHERS
2016-10,20  -  24,OTHERS
2016-10,25  -  29,CHINESE
2016-10,25  -  29,CHINESE
2016-10,25  -  29,INDIANS
2016-10,25  -  29,INDIANS
2016-10,25  -  29,MALAYS
2016-10,25  -  29,MALAYS
2016-10,25  -  29,OTHERS
2016-10,25  -  29,OTHERS
2016-10,30  -  34,CHINESE
2016-10,30  -  34,CHINESE
2016-10,30  -  34,INDIANS
2016-10,30  -  34,INDIANS
2016-10,30  -  34,MALAYS
2016-10,30  -  34,MALAYS
2016-10,30  -  34,OTHERS
2016-10,30  -  34,OTHERS
2016-10,35  -  39,CHINESE
2016-10,35  -  39,CHINESE
2016-10,35  -  39,INDIANS
2016-10,35  -  39,INDIANS
2016-10,35  -  39,MALAYS
2016-10,35  -  39,MALAYS
2016-10,35  -  39,OTHERS
2016-10,35  -  39,OTHERS
2016-10,40  -  44,CHINESE
2016-10,40  -  44,CHINESE
2016-10,40  -  44,INDIANS
2016-10,40  -  44,INDIANS
2016-10,40  -  44,MALAYS
2016-10,40  -  44,MALAYS
2016-10,40  -  44,OTHERS
2016-10,40  -  44,OTHERS
2016-10,45  -  49,CHINESE
2016-11,15  -  19,CHINESE
2016-11,15  -  19,CHINESE
2016-11,15  -  19,INDIANS
2016-11,15  -  19,MALAYS
2016-11,15  -  19,MALAYS
2016-11,15  -  19,OTHERS
2016-11,15  -  19,OTHERS
2016-11,20  -  24,CHINESE
2016-11,20  -  24,CHINESE
2016-11,20  -  24,INDIANS
2016-11,20  -  24,INDIANS
2016-11,20  -  24,MALAYS
2016-11,20  -  24,MALAYS
2016-11,20  -  24,OTHERS
2016-11,20  -  24,OTHERS
2016-11,25  -  29,CHINESE
2016-11,25  -  29,CHINESE
2016-11,25  -  29,INDIANS
2016-11,25  -  29,INDIANS
2016-11,25  -  29,MALAYS
2016-11,25  -  29,MALAYS
2016-11,25  -  29,OTHERS
2016-11,25  -  29,OTHERS
2016-11,30  -  34,CHINESE
2016-11,30  -  34,CHINESE
2016-11,30  -  34,INDIANS
2016-11,30  -  34,INDIANS
2016-11,30  -  34,MALAYS
2016-11,30  -  34,MALAYS
2016-11,30  -  34,OTHERS
2016-11,30  -  34,OTHERS
2016-11,35  -  39,CHINESE
2016-11,35  -  39,CHINESE
2016-11,35  -  39,INDIANS
2016-11,35  -  39,INDIANS
2016-11,35  -  39,MALAYS
2016-11,35  -  39,MALAYS
2016-11,35  -  39,OTHERS
2016-11,35  -  39,OTHERS
2016-11,40  -  44,CHINESE
2016-11,40  -  44,CHINESE
2016-11,40  -  44,INDIANS
2016-11,40  -  44,INDIANS
2016-11,40  -  44,MALAYS
2016-11,40  -  44,MALAYS
2016-11,40  -  44,OTHERS
2016-11,40  -  44,OTHERS
2016-11,45  -  49,CHINESE
2016-11,45  -  49,CHINESE
2016-11,45  -  49,INDIANS
2016-11,Under 15,MALAYS
2016-11,Under 15,OTHERS
2016-12,15  -  19,CHINESE
2016-12,15  -  19,CHINESE
2016-12,15  -  19,INDIANS
2016-12,15  -  19,MALAYS
2016-12,15  -  19,MALAYS
2016-12,15  -  19,OTHERS
2016-12,15  -  19,OTHERS
2016-12,20  -  24,CHINESE
2016-12,20  -  24,CHINESE
2016-12,20  -  24,INDIANS
2016-12,20  -  24,INDIANS
2016-12,20  -  24,MALAYS
2016-12,20  -  24,MALAYS
2016-12,20  -  24,OTHERS
2016-12,20  -  24,OTHERS
2016-12,25  -  29,CHINESE
2016-12,25  -  29,CHINESE
2016-12,25  -  29,INDIANS
2016-12,25  -  29,INDIANS
2016-12,25  -  29,MALAYS
2016-12,25  -  29,MALAYS
2016-12,25  -  29,OTHERS
2016-12,25  -  29,OTHERS
2016-12,30  -  34,CHINESE
2016-12,30  -  34,CHINESE
2016-12,30  -  34,INDIANS
2016-12,30  -  34,INDIANS
2016-12,30  -  34,MALAYS
2016-12,30  -  34,MALAYS
2016-12,30  -  34,OTHERS
2016-12,30  -  34,OTHERS
2016-12,35  -  39,CHINESE
2016-12,35  -  39,CHINESE
2016-12,35  -  39,INDIANS
2016-12,35  -  39,INDIANS
2016-12,35  -  39,MALAYS
2016-12,35  -  39,MALAYS
2016-12,35  -  39,OTHERS
2016-12,35  -  39,OTHERS
2016-12,40  -  44,CHINESE
2016-12,40  -  44,CHINESE
2016-12,40  -  44,INDIANS
2016-12,40  -  44,INDIANS
2016-12,40  -  44,MALAYS
2016-12,40  -  44,MALAYS
2016-12,40  -  44,OTHERS
2016-12,40  -  44,OTHERS
2016-12,45  -  49,CHINESE
2016-12,45  -  49,CHINESE
2016-12,45  -  49,INDIANS
2016-12,45  -  49,INDIANS
