studentid,LastName,FirstName,Gender
1500002,Ho,Brenda,F
1500003,Choo,Shirley,F
1500004,Yeo,Brenda,F
1500013,Low,Ivy,F
1500015,Yeo,Jennifer,F
1500016,Chan,Xena,F
1500017,Wong,Natalie,F
1500019,Ho,Michelle,F
1500021,Lim,Helen,F
1500023,Low,Jacqueline,F
1500025,Yeo,Uma,F
1500028,Choo,Anna,F
1500030,Seah,Cindy,F
1500032,Wong,Zoe,F
1500033,Soh,Queenie,F
1500034,Wong,Ruth,F
1500035,Chua,Nancy,F
1500038,Wong,Clara,F
1500039,Lim,Sophie,F
1500041,Wong,Cindy,F
1500042,Chua,Gloria,F
1500043,Lee,Felicity,F
1500045,Yeo,Julia,F
1500052,Choo,Susan,F
1500053,Loh,Emily,F
1500054,Seah,Ellen,F
1500055,Chua,Ivy,F
1500064,Chan,Amanda,F
1500067,Yeo,Gloria,F
1500071,Low,Xena,F
1500074,Loh,Irene,F
1500075,Loh,Diana,F
1500078,Chan,Kathy,F
1500080,Ho,Violet,F
1500084,Lee,Angela,F
1500085,Chan,Jessica,F
1500087,Ho,Regina,F
1500089,Lee,Ellen,F
1500090,Chan,Natalie,F
1500091,Chan,Zoe,F
1500092,Choo,Jacqueline,F
1500093,Choo,Diana,F
1500096,Low,Patricia,F
1500097,Ho,Susan,F
1500100,Ng,Jessica,F
1500103,Seah,Gloria,F
1500104,Chua,Jennifer,F
1500105,Loh,Diana,F
1500107,Tan,Susan,F
1500108,Choo,Vicky,F
1500110,Lee,Elizabeth,F
1500111,Low,Clara,F
1500113,Lim,Julia,F
1500114,Chua,Natalie,F
1500115,Choo,Tania,F
1500116,Seah,Sally,F
1500117,Yip,Jessica,F
1500118,Lim,Olinda,F
1500120,Yip,Magdalene,F
1500124,Chua,Olinda,F
1500125,Low,Clara,F
1500128,Lim,Natalie,F
1500131,Ng,Lena,F
1500135,Low,Shirley,F
1500136,Loh,Gloria,F
1500138,Choo,Felicity,F
1500141,Chua,Jacqueline,F
1500142,Wong,Grace,F
1500145,Low,Irene,F
1500147,Tan,Grace,F
1500149,Soh,Kathy,F
1500152,Ho,Clara,F
1500153,Choo,Kathy,F
1500156,Choo,Anna,F
1500157,Chan,Pearlyn,F
1500158,Choo,Ellen,F
1500161,Ho,Natalie,F
1500162,Loh,Karen,F
1500163,Ng,Pearlyn,F
1500167,Soh,Natalie,F
1500171,Chua,Vicky,F
1500172,Lim,Violet,F
1500173,Soh,Uma,F
1500176,Loh,Xena,F
1500179,Chan,Ivy,F
1500180,Seah,Shirley,F
1500182,Loh,Sophie,F
1500187,Lee,Amanda,F
1500192,Wong,Catherine,F
1500194,Ho,Brenda,F
1500197,Lim,Tania,F
1500199,Lim,Helen,F
1500200,Yip,Diana,F
1500206,Soh,Anna,F
1500207,Chan,Alice,F
1500208,Seah,Sally,F
1500211,Choo,,
1500215,Choo,Pearlyn,F
1500216,Wong,Vicky,F
1500217,Yip,Michelle,F
1500218,Chan,Sophie,F
1500220,Ho,Brenda,F
1500222,Low,Grace,F
1500224,Loh,Tania,F
1500227,Lim,Susan,F
1500228,Lim,Uma,F
1500229,Yeo,Patricia,F
1500231,Chan,Tania,F
1500232,Chua,Felicity,F
1500233,Ng,Julia,F
1500234,Ng,Amanda,F
1500237,Ho,Vicky,F
1500241,Yip,Helen,F
1500245,Low,Julia,F
1500246,Yip,Regina,F
1500250,Loh,Ellen,F
1500251,Yip,Sophie,F
1500252,Choo,Pearlyn,F
1500254,Seah,Helen,F
1500259,Chua,Amanda,F
1500260,Chua,Sophie,F
1500262,Yeo,Queenie,F
1500263,Loh,Anna,F
1500265,Ng,Wilma,F
1500266,Ho,Regina,F
1500268,Tan,Jessica,F
1500270,Yeo,Jacqueline,F
1500272,Tan,Grace,F
1500273,Choo,Grace,F
1500276,Seah,Ellen,F
1500277,Choo,Amanda,F
1500278,Ho,Wilma,F
1500279,Loh,Shirley,F
1500280,Chua,Tania,F
1500281,Soh,Cindy,F
1500282,Loh,Elizabeth,F
1500284,Yip,Amanda,F
1500286,Tan,Alice,F
1500287,Low,Magdalene,F
1500292,Chua,Janet,F
1500293,Loh,Shirley,F
1500296,Ho,Tania,F
1500297,Lim,Emily,F
1500304,Seah,Rachel,F
1500306,Yeo,Rachel,F
1500307,Yeo,Gloria,F
1500309,Ng,Emily,F
1500311,Lim,Zoe,F
1500312,Loh,Olinda,F
1500314,Yip,Michelle,F
1500315,Soh,Pearlyn,F
1500318,Yeo,Grace,F
1500319,Lee,Karen,F
1500320,Yip,,
1500323,Ng,Felicity,F
1500324,Lim,Pearlyn,F
1500325,Tan,Sally,F
1500326,Low,Sophie,F
1500332,Ho,Jacqueline,F
1500335,Low,Elizabeth,F
1500337,Lim,Amanda,F
1500338,Loh,Brenda,F
1500339,Soh,Queenie,F
1500340,Tan,Pearlyn,F
1500343,Wong,Susan,F
1500346,Chua,Shirley,F
1500347,Yeo,Diana,F
1500348,Loh,Kathy,F
1500349,Ng,Uma,F
1500350,Yip,Jessica,F
1500355,Loh,Karen,F
1500358,Choo,Cindy,F
1500362,Choo,Magdalene,F
1500369,Seah,Sophie,F
1500370,Choo,Jean,F
1500372,Tan,Helen,F
1500374,Yeo,Grace,F
1500375,Lim,Jean,F
1500377,Choo,Wilma,F
1500379,Lee,Xena,F
1500381,Chan,Jessica,F
1500382,Choo,Magdalene,F
1500383,Choo,Susan,F
1500384,Seah,Felicity,F
1500386,Ng,Queenie,F
1500387,Ng,Wilma,F
1500389,Lim,Emily,F
1500390,Choo,Sophie,F
1500391,Loh,Ruth,F
1500392,Tan,Catherine,F
1500393,Wong,Patricia,F
1500394,Chua,Jacqueline,F
1500396,Lim,Diana,F
1500398,Yip,Ellen,F
1500400,Lim,Michelle,F
1500403,Seah,Xena,F
1500404,Ho,Patricia,F
1500405,Tan,Nancy,F
1500407,Low,Ruth,F
1500408,Yip,Vicky,F
1500409,Seah,Clara,F
1500410,Low,Uma,F
1500411,Lee,Wilma,F
1500413,Chua,Kathy,F
1500414,Wong,Irene,F
1500415,Ho,Pearlyn,F
1500417,Yip,Queenie,F
1500418,Seah,Jessica,F
1500419,Soh,Elizabeth,F
1500420,Chan,Jacqueline,F
1500422,Tan,Nancy,F
1500425,Loh,Karen,F
1500427,Ng,Rachel,F
1500429,Ng,Wilma,F
1500430,Ho,Tania,F
1500431,Loh,Anna,F
1500435,Loh,Julia,F
1500436,Choo,Catherine,F
1500438,Wong,Magdalene,F
1500439,Ng,Lena,F
1500440,Wong,Irene,F
1500442,Lim,Kathy,F
1500443,Ho,Brenda,F
1500444,Choo,Regina,F
1500445,Loh,Nancy,F
1500447,Yip,Julia,F
1500449,Lee,Sally,F
1500452,Chan,Rachel,F
1500454,Loh,Janet,F
1500455,Tan,Kathy,F
1500456,Yip,Anna,F
1500457,Yip,Ellen,F
1500458,Wong,Natalie,F
1500461,Ng,Irene,F
1500464,Chua,Wilma,F
1500467,Ho,Clara,F
1500468,Ho,Ivy,F
1500469,Tan,Pearlyn,F
1500473,Choo,Sally,F
1500475,Lee,Helen,F
1500476,Wong,Alice,F
1500477,Low,Catherine,F
1500479,Lee,Natalie,F
1500480,Lee,Brenda,F
1500482,Tan,Janet,F
1500484,Lim,Gloria,F
1500485,Yeo,Susan,F
1500486,Lee,Susan,F
1500488,Choo,Sally,F
1500490,Lee,Jacqueline,F
1500491,Loh,Emily,F
1500492,Lee,Rachel,F
1500494,Chua,Clara,F
1500497,Lee,Elizabeth,F
1500498,Chua,Regina,F
1500501,Yeo,Janet,F
1500503,Soh,Grace,F
1500504,Soh,Ivy,F
1500506,Lim,Wilma,F
1500508,Lee,Grace,F
1500510,Seah,Clara,F
1500511,Yeo,Jacqueline,F
1500513,Seah,Xena,F
1500514,Chua,Lena,F
1500515,Ho,Grace,F
1500516,Chua,,
1500517,Lee,Emily,F
1500518,Ho,Irene,F
1500519,Chua,Karen,F
1500520,Ho,Jacqueline,F
1500521,Yeo,Lena,F
1500522,Soh,Kathy,F
1500524,Yip,Kathy,F
1500525,Ng,Ruth,F
1500526,Loh,Nancy,F
1500527,Yeo,Patricia,F
1500529,Low,Emily,F
1500532,Yeo,Cindy,F
1500536,Yip,Uma,F
1500537,Chua,Violet,F
1500538,Low,Julia,F
1500540,Ho,Sophie,F
1500541,Ho,Kathy,F
1500542,Soh,Xena,F
1500549,Choo,Julia,F
1500551,Yeo,Ruth,F
1500552,Lim,Jean,F
1500554,Tan,Cindy,F
1500556,Wong,Olinda,F
1500557,Soh,Brenda,F
1500559,Loh,Irene,F
1500560,Seah,Gloria,F
1500561,Chua,Elizabeth,F
1500565,Soh,Brenda,F
1500568,Loh,Xena,F
1500569,Choo,Jean,F
1500570,Yip,Irene,F
1500573,Choo,Julia,F
1500575,Ho,Julia,F
1500576,Yip,Felicity,F
1500577,Chua,Rachel,F
1500578,Ho,Shirley,F
1500580,Ho,Emily,F
1500582,Ho,Regina,F
1500584,Seah,Violet,F
1500585,Ng,Catherine,F
1500586,Chua,Regina,F
1500588,Lim,Michelle,F
1500589,Loh,Emily,F
1500592,Lee,Jean,F
1500594,Ho,Regina,F
1500597,Tan,Cindy,F
1500598,Lee,Jessica,F
1500602,Yeo,Alice,F
1500603,Seah,Irene,F
1500604,Choo,Karen,F
1500605,Yip,Lena,F
1500606,Ho,Julia,F
1500614,Ho,Lena,F
1500615,Low,Tania,F
1500616,Loh,Anna,F
1500617,Lee,Alice,F
1500618,Wong,Cindy,F
1500621,Ho,Magdalene,F
1500622,Yeo,Queenie,F
1500624,Yip,Olinda,F
1500625,Lee,Janet,F
1500626,Loh,Jean,F
1500628,Ho,Nancy,F
1500629,Chan,Anna,F
1500631,Tan,Amanda,F
1500633,Chua,Cindy,F
1500634,Wong,Amanda,F
1500638,Lee,Pearlyn,F
1500641,Low,Zoe,F
1500642,Tan,Jennifer,F
1500643,Seah,Irene,F
1500644,Ho,Michelle,F
1500645,Soh,Felicity,F
1500646,Chan,Anna,F
1500647,Tan,Julia,F
1500648,Chan,Helen,F
1500649,Lim,,
1500651,Ho,Cindy,F
1500652,Yeo,Ruth,F
1500653,Yip,Violet,F
1500654,Yeo,Brenda,F
1500655,Chan,Susan,F
1500659,Wong,Jennifer,F
1500661,Tan,Felicity,F
1500662,Ho,Jean,F
1500664,Chan,Nancy,F
1500665,Yip,Anna,F
1500666,Lim,Xena,F
1500668,Choo,Shirley,F
1500670,Ho,Felicity,F
1500671,Low,Alice,F
1500674,Lim,Uma,F
1500675,Yeo,,
1500676,Chan,Elizabeth,F
1500677,Yeo,Lena,F
1500678,Yeo,Angela,F
1500679,Soh,Pearlyn,F
1500680,Tan,Sally,F
1500681,Lim,Shirley,F
1500687,Yip,Elizabeth,F
1500690,Choo,Irene,F
1500691,Lee,Jean,F
1500693,Seah,Susan,F
1500695,Seah,Kathy,F
1500696,Wong,Regina,F
1500697,Yip,Xena,F
1500698,Choo,Gloria,F
1500700,Loh,Ruth,F
1500701,Yeo,,
1500702,Loh,Grace,F
1500703,Loh,Ruth,F
1500704,Ho,Shirley,F
1500706,Soh,Pearlyn,F
1500708,Lee,Helen,F
1500709,Yeo,Susan,F
1500710,Ho,Irene,F
1500711,Chua,Irene,F
1500712,Chua,Uma,F
1500716,Wong,Janet,F
1500717,Loh,Elizabeth,F
1500718,Low,Kathy,F
1500720,Soh,Jacqueline,F
1500721,Yip,Xena,F
1500722,Yeo,Nancy,F
1500723,Ng,Uma,F
1500724,Low,Wilma,F
1500725,Ng,Clara,F
1500727,Lim,Sophie,F
1500728,Soh,Violet,F
1500730,Loh,Uma,F
1500732,Lim,Irene,F
1500733,Lim,Jean,F
1500734,Seah,Irene,F
1500735,Yip,,
1500736,Choo,Brenda,F
1500737,Seah,Susan,F
1500741,Loh,Regina,F
1500742,Ho,Michelle,F
1500743,Loh,Regina,F
1500744,Soh,Rachel,F
1500749,Yeo,Violet,F
1500751,Soh,Shirley,F
1500752,Ho,Pearlyn,F
1500754,Yeo,Wilma,F
1500755,Soh,Anna,F
1500758,Seah,Diana,F
1500759,Ho,Xena,F
1500760,Choo,Magdalene,F
1500762,Lee,Jennifer,F
1500767,Chua,Jessica,F
1500769,Tan,Patricia,F
1500770,Wong,Olinda,F
1500772,Ho,Nancy,F
1500776,Choo,Irene,F
1500778,Ng,Diana,F
1500779,Chua,Magdalene,F
1500780,Choo,Jessica,F
1500781,Ho,Felicity,F
1500782,Lim,Nancy,F
1500784,Lim,Patricia,F
1500786,Soh,Sally,F
1500787,Loh,Angela,F
1500790,Ng,Grace,F
1500792,Lee,Magdalene,F
1500797,Low,Diana,F
1500799,Ng,Lena,F
1500800,Lim,Ruth,F
1500801,Soh,Brenda,F
1500803,Lim,Elizabeth,F
1500804,Lim,Jessica,F
1500805,Seah,Shirley,F
1500806,Lim,Jean,F
1500807,Soh,Regina,F
1500809,Soh,Gloria,F
1500813,Choo,Jacqueline,F
1500815,Yeo,Julia,F
1500816,Yeo,Jessica,F
1500817,Ng,Anna,F
1500818,Lee,Elizabeth,F
1500819,Low,Emily,F
1500821,Wong,Vicky,F
1500824,Soh,Patricia,F
1500828,Lee,Anna,F
1500830,Ng,Jean,F
1500833,Chan,Violet,F
1500837,Yip,Michelle,F
1500839,Yeo,Jennifer,F
1500841,Ng,Ruth,F
1500844,Wong,Irene,F
1500845,Loh,Ivy,F
1500847,Chua,Ivy,F
1500849,Low,Julia,F
1500850,Lee,Queenie,F
1500851,Lim,Anna,F
1500852,Loh,Zoe,F
1500853,Yeo,Susan,F
1500862,Tan,Jennifer,F
1500863,Wong,Patricia,F
1500866,Yip,Natalie,F
1500867,Ng,Alice,F
1500868,Lee,Magdalene,F
1500870,Ng,Angela,F
1500872,Ng,Amanda,F
1500875,Low,Angela,F
1500877,Wong,Michelle,F
1500880,Loh,Alice,F
1500881,Tan,Pearlyn,F
1500882,Seah,Gloria,F
1500883,Chan,Uma,F
1500885,Ho,Tania,F
1500886,Wong,Karen,F
1500888,Yip,Ellen,F
1500895,Tan,Emily,F
1500900,Yeo,Sophie,F
1500903,Tan,Gloria,F
1500905,Choo,Susan,F
1500906,Soh,Elizabeth,F
1500907,Lee,Zoe,F
1500908,Low,Amanda,F
1500909,Ng,Nancy,F
1500912,Yip,Brenda,F
1500915,Ho,Anna,F
1500917,Tan,Catherine,F
1500919,Wong,Cindy,F
1500921,Chan,Tania,F
1500924,Lim,Emily,F
1500926,Yeo,Sally,F
1500929,Soh,Wilma,F
1500930,Choo,Elizabeth,F
1500931,Low,Elizabeth,F
1500932,Ng,Julia,F
1500934,Seah,Felicity,F
1500937,Wong,Sophie,F
1500938,Ng,Violet,F
1500939,Seah,Grace,F
1500940,Lim,Pearlyn,F
1500941,Ng,Tania,F
1500942,Loh,Clara,F
1500943,Wong,Michelle,F
1500944,Choo,Pearlyn,F
1500946,Loh,Magdalene,F
1500948,Soh,Alice,F
1500950,Soh,Jean,F
1500951,Lim,Julia,F
1500952,Lim,Kathy,F
1500957,Chan,Angela,F
1500960,Ng,Emily,F
1500961,Choo,Magdalene,F
1500962,Lee,Kathy,F
1500966,Ng,Sophie,F
1500967,Lee,Helen,F
1500970,Choo,Clara,F
1500971,Choo,Julia,F
1500972,Ho,Ivy,F
1500973,Choo,Diana,F
1500975,Lim,Alice,F
1500976,Tan,Angela,F
1500978,Soh,Clara,F
1500979,Wong,Cindy,F
1500980,Lee,Felicity,F
1500981,Lee,Queenie,F
1500985,Low,Janet,F
1500988,Soh,Anna,F
1500989,Yeo,Brenda,F
1500991,Ho,Patricia,F
1500992,Ng,Natalie,F
1500995,Lee,Magdalene,F
1500996,Chua,Uma,F
1500997,Chan,Clara,F
1500998,Wong,Karen,F
